location,lon,lat
"Екатеринбург, Свердловская область",60.6057,56.8389
"Самара, Самарская область",50.2212,53.2415
"Ростов-на-Дону, Ростовская область",39.7015,47.2357
"Набережные Челны, Татарстан",52.3721,55.7185
"Волгоград, Волгоградская область",44.5133,48.708
"Чистополь, Татарстан",50.6405,55.3635
"Нижний Новгород, Нижегородская область",43.9361,56.2965
"Пермь, Пермский край",56.2668,58.0297
"Оренбург, Оренбургская область",55.1005,51.7666
"Ханты-Мансийск, Ханты-Мансийский АО",69.0375,61.0091
"Заводоуковск, Тюменская область",66.5488,56.4983
"Туймазы, Башкортостан",53.6922,54.5985
"Казань, Татарстан",49.0661,55.8304
"Краснодар, Краснодарский край",38.9872,45.0393
"Новосибирск, Новосибирская область",82.9357,55.0084
"Москаленки, Омская область",71.9437,54.9389
"Белгород, Белгородская область",36.5983,50.5997
"Бердск, Новосибирская область",83.08,54.7751
"Магнитогорск, Челябинская область",59.0016,53.4129
"Воронеж, Воронежская область",39.2089,51.6755
"Тольятти, Самарская область",49.4198,53.5086
"Новокузнецк, Кемеровская область",87.1216,53.7596
"Саратов, Саратовская область",45.9608,51.5924
"Аксай, Ростовская область",39.8706,47.2651
"Армавир, Краснодарский край",41.1111,44.9874
"Владимир, Владимирская область",40.4179,56.1446
"Гвардейск, Калининградская область",21.067,54.6521
"Челябинск, Челябинская область",61.4368,55.1644
"Пойковский, Ханты-Мансийский АО",71.9004,60.9936
"Красноярск, Красноярский край",92.8932,56.0153
"Сочи, Краснодарский край",39.7342,43.6028
"Шахты, Ростовская область",40.2355,47.7236
"Стерлитамак, Башкортостан",55.9439,53.6554
"Ярославль, Ярославская область",39.8845,57.6261
"Ростов, Ярославская область",39.4132,57.1956
"Зеленодольск, Татарстан",48.5372,55.8516
"Калининград, Калининградская область",20.4522,54.7104
"Нижневартовск, Ханты-Мансийский АО",76.5434,60.9431
"Нижнекамск, Татарстан",51.847,55.6132
"Муром, Владимирская область",42.0166,55.5674
"Тюмень, Тюменская область",65.525,57.1613
"Канск, Красноярский край",95.7198,56.2168
"Ижевск, Удмуртия",53.2324,56.8619
"Энгельс, Саратовская область",46.1137,51.4753
"Бийск, Алтайский край",85.1472,52.5073
"Братск, Иркутская область",101.6039,56.1738
"Иркутск, Иркутская область",104.305,52.287
"Сургут, Ханты-Мансийский АО",73.3845,61.256
"Омск, Омская область",73.3242,54.9885
"Петровская, Краснодарский край",37.9476,45.4249
"Минусинск, Красноярский край",91.6963,53.6978
"Каневская, Краснодарский край",38.9671,46.0759
"Волжский, Волгоградская область",44.7707,48.8176
"Уфа, Башкортостан",55.9721,54.7388
"Минеральные Воды, Ставропольский край",43.1239,44.2117
"Юрга, Кемеровская область",84.8945,55.7298
"Гусев, Калининградская область",22.2033,54.5891
"Калач-на-Дону, Волгоградская область",43.5271,48.6857
"Ачинск, Красноярский край",90.4903,56.2361
"Краснокамск, Пермский край",55.7672,58.079
"Арамиль, Свердловская область",60.833,56.6965
"Нефтеюганск, Ханты-Мансийский АО",72.5816,61.0981
"Ковров, Владимирская область",41.3226,56.3568
"Сосновское, Нижегородская область",43.1655,55.8009
"Дивное, Ставропольский край",43.3464,45.9083
"Троицк, Челябинская область",61.5671,54.0748
"Альметьевск, Татарстан",52.3173,54.8937
"Кимовск, Тульская область",38.5401,53.9705
"Тайшет, Иркутская область",98.0106,55.9321
"Ильский, Краснодарский край",38.5624,44.8443
"Миллерово, Ростовская область",40.405,48.9183
"Давыдовка, Воронежская область",39.43,51.1559
"Гуково, Ростовская область",39.9377,48.0513
"Кумылженская, Волгоградская область",42.5959,49.8852
"Октябрьское, Оренбургская область",55.5061,52.348
"Грайворон, Белгородская область",35.6792,50.478
"Барнаул, Алтайский край",83.7698,53.3548
"Мегион, Ханты-Мансийский АО",76.0998,61.0374
"Рубцовск, Алтайский край",81.2318,51.514
"Первоуральск, Свердловская область",59.9521,56.8999
"Глазов, Удмуртия",52.6548,58.1369
"Искитим, Новосибирская область",83.3083,54.6426
"Тула, Тульская область",37.6185,54.2048
"Константиновское, Ставропольский край",42.6346,45.2993
"Славянск-на-Кубани, Краснодарский край",38.1249,45.2588
"Салават, Башкортостан",55.9259,53.386
"Нижний Тагил, Свердловская область",59.9816,57.9215
"Михайловка, Волгоградская область",43.2286,50.0564
"Кемерово, Кемеровская область",86.0623,55.345
"Каменск-Шахтинский, Ростовская область",40.269,48.3141
"Азнакаево, Татарстан",53.0719,54.8587
"Верхняя Пышма, Свердловская область",60.5864,56.9665
"Березовский, Кемеровская область",86.2585,55.6148
"Новороссийск, Краснодарский край",37.762,44.7154
"Кисловодск, Ставропольский край",42.7281,43.9056
"Марьяновка, Омская область",72.6392,54.9609
"Кунгур, Пермский край",56.9397,57.4316
"Березовский, Свердловская область",60.795,56.9089
"Новочеркасск, Ростовская область",40.0727,47.4178
"Арзамас, Нижегородская область",43.8299,55.3965
"Старый Оскол, Белгородская область",37.838,51.2981
"Каменск-Уральский, Свердловская область",61.9223,56.4253
"Ессентуки, Ставропольский край",42.8575,44.0455
"Рыбинск, Ярославская область",38.8117,58.0575
"Березники, Пермский край",56.7849,59.4132
"Балаково, Саратовская область",47.7807,52.0246
"Кропоткин, Краснодарский край",40.554,45.4296
"Похвистнево, Самарская область",52.123,53.6482
"Дзержинск, Нижегородская область",43.4352,56.2441
"Серов, Свердловская область",60.6177,59.6105
"Переславль-Залесский, Ярославская область",38.8903,56.747
"Камышин, Волгоградская область",45.394,50.0946
"Верхний Уфалей, Челябинская область",60.2239,56.0589
"Гусь-Хрустальный, Владимирская область",40.6564,55.6063
"Советск, Калининградская область",21.8787,55.0789
"Губкин, Белгородская область",37.5435,51.2824
"Георгиевск, Ставропольский край",43.4578,44.1498
"Богородск, Нижегородская область",43.5174,56.1037
"Володарск, Нижегородская область",43.183,56.2255
"Целина, Ростовская область",41.0176,46.5332
"Невьянск, Свердловская область",60.2121,57.4903
"Сызрань, Самарская область",48.3979,53.1505
"Горячий Ключ, Краснодарский край",39.1351,44.6354
"Усть-Илимск, Иркутская область",102.7396,57.9845
"Геленджик, Краснодарский край",38.0242,44.5919
"Донское, Ставропольский край",41.9748,45.4564
"Анапа, Краснодарский край",37.3199,44.8857
"Мелеуз, Башкортостан",55.9284,52.9611
"Бузулук, Оренбургская область",52.2613,52.7733
"Ставрополь, Ставропольский край",41.9683,45.0455
"Копейск, Челябинская область",61.6458,55.134
"Тбилисская, Краснодарский край",40.1854,45.3624
"Абинск, Краснодарский край",38.1645,44.8715
"Кореновск, Краснодарский край",39.4481,45.4624
"Новомосковск, Тульская область",38.2963,54.0109
"Златоуст, Челябинская область",59.6859,55.1559
"Карталы, Челябинская область",60.6374,53.0554
"Азов, Ростовская область",39.4137,47.0947
"Ангарск, Иркутская область",103.9172,52.5156
"Новоалтайск, Алтайский край",83.9208,53.4416
"Богатое, Самарская область",51.3407,53.0609
"Козулька, Красноярский край",91.3939,56.1622
"Бугульма, Татарстан",52.8261,54.522
"Котово, Волгоградская область",44.802,50.3155
"Бисерть, Свердловская область",59.0476,56.8521
"Якшур-Бодья, Удмуртия",53.1639,57.1859
"Дюртюли, Башкортостан",54.8619,55.4788
"Таганрог, Ростовская область",38.8676,47.2416
"Норильск, Красноярский край",88.1893,69.3558
"Соликамск, Пермский край",56.7558,59.672
"Суворовская, Ставропольский край",42.6444,44.1941
"Тобольск, Тюменская область",68.2635,58.2
"Воткинск, Удмуртия",53.9769,57.0409
"Новотроицк, Оренбургская область",58.2988,51.2011
"Суксун, Пермский край",57.3961,57.1392
"Семенов, Нижегородская область",44.5018,56.7889
"Полазна, Пермский край",56.4173,58.3006
"Анжеро-Судженск, Кемеровская область",85.9955,56.0955
"Шелехов, Иркутская область",104.0988,52.2075
"Волгодонск, Ростовская область",42.1794,47.506
"Нефтекамск, Башкортостан",54.2867,56.1026
"Чебаркуль, Челябинская область",60.3856,54.9811
"Летняя Ставка, Ставропольский край",43.447,45.428
"Строитель, Белгородская область",36.4807,50.7878
"Невинномысск, Ставропольский край",41.9505,44.638
"Углич, Ярославская область",38.3308,57.5248
"Железногорск, Красноярский край",93.4888,56.2344
"Миасс, Челябинская область",60.1035,55.0507
"Кущевская, Краснодарский край",39.6117,46.5545
"Тоцкое, Оренбургская область",52.7445,52.522
"Маркс, Саратовская область",46.7485,51.7106
"Алексин, Тульская область",37.0013,54.5072
"Красный Сулин, Ростовская область",40.0677,47.8881
"Елабуга, Татарстан",52.0255,55.7632
"Кстово, Нижегородская область",44.174,56.1329
"Изобильный, Ставропольский край",41.7107,45.3701
"Варениковская, Краснодарский край",37.6483,45.1159
"Октябрьский, Башкортостан",53.4895,54.4772
"Чекмагуш, Башкортостан",54.6406,55.1394
"Выкса, Нижегородская область",42.1702,55.3262
"Городец, Нижегородская область",43.4801,56.65
"Новокуйбышевск, Самарская область",49.8913,53.0961
"Талнах, Красноярский край",88.4,69.5
"Валуйки, Белгородская область",38.1181,50.2026
"Катав-Ивановск, Челябинская область",58.2152,54.7641
"Асбест, Свердловская область",61.4581,57.0053
"Бор, Нижегородская область",44.0767,56.3588
"Белокуриха, Алтайский край",84.9936,51.9948
"Губаха, Пермский край",57.5544,58.8389
"Монетный, Свердловская область",60.8828,57.0578
"Ишимбай, Башкортостан",56.0508,53.4264
"Гороховец, Владимирская область",42.6953,56.1962
"Мыски, Кемеровская область",87.8022,53.7114
"Ишим, Тюменская область",69.4771,56.1146
"Павловская, Краснодарский край",39.7879,46.136
"Чапаевск, Самарская область",49.7067,52.9697
"Урай, Ханты-Мансийский АО",64.8066,60.1254
"Иноземцево кп, Ставропольский край",43.0946,44.0968
"Пятигорск, Ставропольский край",43.0396,44.0499
"Калачинск, Омская область",74.5697,55.0324
"Карасук, Новосибирская область",78.0024,53.7343
"Архипо-Осиповка, Краснодарский край",38.5347,44.3716
"Прокопьевск, Кемеровская область",86.7592,53.8888
"Темрюк, Краснодарский край",37.3823,45.271
"Егорлыкская, Ростовская область",40.6527,46.5638
"Озерск, Челябинская область",60.701,55.7138
"Ейск, Краснодарский край",38.2703,46.6826
"Жирнов, Ростовская область",41.1332,48.1757
"Гурьевск, Калининградская область",20.6099,54.7801
"Петушки, Владимирская область",39.4489,55.9251
"Щекино, Тульская область",37.5096,53.9991
"Сухобузимское, Красноярский край",93.2783,56.4955
"Черноморский, Краснодарский край",38.4927,44.8526
"Игра, Удмуртия",53.0694,57.5421
"Сорочинск, Оренбургская область",53.1557,52.4243
"Вольск, Саратовская область",47.3692,52.0497
"Курумоч, Самарская область",50.0351,53.4881
"Тихорецк, Краснодарский край",40.1051,45.8677
"Павлово, Нижегородская область",43.0912,55.9621
"Грушевская, Ростовская область",39.9538,47.4387
"Белово, Кемеровская область",86.2937,54.4103
"Лениногорск, Татарстан",52.4607,54.6013
"Шебекино, Белгородская область",36.8948,50.4119
"Белая Калитва, Ростовская область",40.7795,48.1773
"Рощинский, Самарская область",50.4926,53.0515
"Усолье-Сибирское, Иркутская область",103.6382,52.7664
"Борисоглебск, Воронежская область",42.0735,51.3761
"Саянск, Иркутская область",102.1889,54.1065
"Гулькевичи, Краснодарский край",40.7019,45.3606
"Сосновоборск, Красноярский край",93.3401,56.1232
"Балашов, Саратовская область",43.1771,51.5432
"Крымск, Краснодарский край",37.9932,44.9278
"Южноуральск, Челябинская область",61.2606,54.4421
"Кыштым, Челябинская область",60.5521,55.7175
"Лобаново, Пермский край",56.2867,57.8632
"Урюпинск, Волгоградская область",42.0056,50.7974
"Михайловск, Ставропольский край",42.0092,45.1287
"Александров, Владимирская область",38.712,56.3947
"Шипуново, Алтайский край",82.2691,52.2255
"Левокумское, Ставропольский край",44.6636,44.8192
"Ильинская, Краснодарский край",40.725,45.7224
"Междуреченск, Кемеровская область",88.0814,53.6836
"Усть-Лабинск, Краснодарский край",39.6907,45.2159
"Мензелинск, Татарстан",53.1063,55.7246
"Лысьва, Пермский край",57.7889,58.1072
"Оса, Пермский край",55.4543,57.2841
"Ершов, Саратовская область",48.2762,51.3494
"Киселевск, Кемеровская область",86.6498,54.0055
"Киреевск, Тульская область",37.9256,53.9355
"Ревда, Свердловская область",59.9036,56.8188
"Орск, Оренбургская область",58.5441,51.2145
"Полевской, Свердловская область",60.2446,56.4825
"Узловая, Тульская область",38.1667,53.979
"Россошь, Воронежская область",39.5885,50.2023
"Троицкое, Алтайский край",84.6818,52.9809
"Ленинск-Кузнецкий, Кемеровская область",86.1735,54.6699
"Кольчугино, Владимирская область",39.3701,56.2984
"Лесной, Свердловская область",59.7833,58.6333
"Краснотурьинск, Свердловская область",60.2159,59.7651
"Саянский, Красноярский край",94.7255,55.5614
"Алексеевка, Белгородская область",38.6978,50.6257
"Юрюзань, Челябинская область",58.4244,54.8586
"Заволжье, Нижегородская область",43.4029,56.6416
"Нефтекумск, Ставропольский край",44.9884,44.7504
"Новокорсунская, Краснодарский край",39.1509,45.6409
"Голышманово, Тюменская область",68.6022,56.4661
"Безопасное, Ставропольский край",41.9502,45.6386
"Зверево, Ростовская область",40.1208,48.0219
"Средний, Иркутская область",103.5,52.8833
"Чайковский, Пермский край",54.1277,56.7661
"Гагино, Нижегородская область",45.0224,55.2286
"Северская, Краснодарский край",38.677,44.8529
"Белорецк, Башкортостан",58.4061,53.9674
"Ленинградская, Краснодарский край",39.3809,46.3267
"Багратионовск, Калининградская область",20.6466,54.3841
"Новошахтинск, Ростовская область",39.9358,47.7569
"Клетская, Волгоградская область",43.0542,49.3069
"Лиски, Воронежская область",39.4941,50.9797
"Ирбит, Свердловская область",63.0632,57.668
"Ахтырский, Краснодарский край",38.2948,44.8527
"Кумертау, Башкортостан",55.8116,52.7637
"Можга, Удмуртия",52.2117,56.438
"Рефтинский, Свердловская область",61.6718,57.0949
"Туапсе, Краснодарский край",39.0806,44.1065
"Венев, Тульская область",38.2583,54.3495
"Назарово, Красноярский край",90.4026,56.0132
"Сарапул, Удмуртия",53.7834,56.4521
"Югорск, Ханты-Мансийский АО",63.343,61.3138
"Лянтор, Ханты-Мансийский АО",72.1645,61.6213
"Новоуральск, Свердловская область",60.0834,57.2575
"Красные Баки, Нижегородская область",45.1493,57.1261
"Батайск, Ростовская область",39.7378,47.1398
"Киржач, Владимирская область",38.8636,56.1592
"Кудымкар, Пермский край",54.6644,59.007
"Тара, Омская область",74.3759,56.8857
"Лабинск, Краснодарский край",40.7471,44.6237
"Юрьев-Польский, Владимирская область",39.6794,56.5006
"Усть-Кут, Иркутская область",105.7769,56.791
"Аша, Челябинская область",57.2734,54.9891
"Будённовск, Ставропольский край",44.1536,44.7925
"Ефремов, Тульская область",38.0937,53.1494
"Фролово, Волгоградская область",43.6592,49.759
"Медведовская, Краснодарский край",39.0117,45.4533
"Гремячинск, Пермский край",57.8344,58.5484
"Коркино, Челябинская область",61.368,54.901
"Джалиль, Татарстан",52.7359,55.0237
"Добрянка, Пермский край",56.4232,58.4705
"Белебей, Башкортостан",54.1046,54.1103
"Каратузское, Красноярский край",92.8725,53.605
"Артемовский, Свердловская область",61.8783,57.339
"Первомайск, Нижегородская область",43.8014,54.8719
"Ипатово, Ставропольский край",42.9035,45.7205
"Мостовской, Краснодарский край",40.795,44.4099
"Плавск, Тульская область",37.2921,53.7111
"Барабинск, Новосибирская область",78.3467,55.3464
"Чунский, Иркутская область",99.6376,56.0791
"Карабаново, Владимирская область",38.7008,56.309
"Балахна, Нижегородская область",43.5819,56.517
"Бутурлиновка, Воронежская область",40.6024,50.833
"Константиновский, Ярославская область",39.6159,57.8215
"Снежинск, Челябинская область",60.7544,56.0572
"Собинка, Владимирская область",40.0182,55.9886
"Отрадный, Самарская область",51.3402,53.377
"Зима, Иркутская область",102.0424,53.9226
"Кировград, Свердловская область",60.0706,57.4161
"Курганинск, Краснодарский край",40.5862,44.886
"Калач, Воронежская область",41.0034,50.4203
"Чернушка, Пермский край",56.0837,56.5069
"Брюховецкая, Краснодарский край",38.9934,45.8067
"Новодмитриевская, Краснодарский край",38.8764,44.8354
"Семикаракорск, Ростовская область",40.814,47.5156
"Советский, Ханты-Мансийский АО",63.5639,61.3603
"Раевский, Башкортостан",54.9326,54.0657
"Саров, Нижегородская область",43.3253,54.9343
"Лесосибирск, Красноярский край",92.496,58.2276
"Менделеевск, Татарстан",52.2938,55.8992
"Частые, Пермский край",54.953,57.2936
"Табуны, Алтайский край",78.8089,52.775
"Агаповка, Челябинская область",59.1414,53.3028
"Сальск, Ростовская область",41.5372,46.4807
"Пионерский, Калининградская область",20.2216,54.9429
"Арзгир, Ставропольский край",44.2245,45.371
"Морозовск, Ростовская область",41.8265,48.3451
"Осинники, Кемеровская область",87.3381,53.6315
"Белоярский, Свердловская область",61.3742,56.7568
"Нижняя Салда, Свердловская область",60.7336,58.0726
"Донецк, Ростовская область",39.9654,48.3322
"Черняховск, Калининградская область",21.8311,54.6313
"Петровск, Саратовская область",45.3883,52.3144
"Заинск, Татарстан",52.0131,55.2898
"Пыть-Ях, Ханты-Мансийский АО",72.8212,60.7274
"Шахунья, Нижегородская область",46.6107,57.6735
"Озерки, Алтайский край",83.7065,53.626
"Старотитаровская, Краснодарский край",37.1544,45.2072
"Кагальницкая, Ростовская область",40.1462,46.8827
"Камень-на-Оби, Алтайский край",81.3135,53.7811
"Дегтярск, Свердловская область",60.1021,56.698
"Хвалынск, Саратовская область",48.0923,52.501
"Боголюбово, Владимирская область",40.5361,56.1969
"Верхний Услон, Татарстан",48.9835,55.7668
"Пугачев, Саратовская область",48.7993,52.0274
"Дудинка, Красноярский край",86.2003,69.4042
"Шарыпово, Красноярский край",89.2205,55.5223
"Шаркан, Удмуртия",53.8676,57.3015
"Староминская, Краснодарский край",39.0405,46.5333
"Соль-Илецк, Оренбургская область",54.9885,51.1646
"Новоминская, Краснодарский край",38.9635,46.3103
"Калининская, Краснодарский край",38.6544,45.4866
"Нурлат, Татарстан",50.8189,54.4192
"Балтийск, Калининградская область",19.9229,54.6591
"Дубовое, Белгородская область",36.5742,50.5335
"Пошехонье, Ярославская область",39.1422,58.5007
"Кормиловка, Омская область",74.0964,54.9983
"Ставрово, Владимирская область",40.0147,56.1304
"Апшеронск, Краснодарский край",39.7268,44.4654
"Октябрьское, Челябинская область",62.7238,54.4061
"Богданович, Свердловская область",62.0523,56.7743
"Хомутово, Иркутская область",104.4039,52.4726
"Натухаевская, Краснодарский край",37.5674,44.909
"Нижняя Тура, Свердловская область",59.8559,58.6277
"Железноводск, Ставропольский край",43.007,44.1404
"Сатка, Челябинская область",59.0083,55.0467
"Чкаловск, Нижегородская область",43.2419,56.7671
"Янаул, Башкортостан",54.9253,56.2675
"Хадыженск, Краснодарский край",39.5314,44.4187
"Подгоренский, Воронежская область",39.6438,50.4003
"Зирган, Башкортостан",55.9175,53.2274
"Степное, Саратовская область",46.8426,51.3773
"Красный Кут, Саратовская область",46.9709,50.9496
"Большая Черниговка, Самарская область",50.866,52.0971
"Лангепас, Ханты-Мансийский АО",75.1701,61.2703
"Радужный, Ханты-Мансийский АО",77.4754,62.1039
"Ртищево, Саратовская область",43.7814,52.2601
"Полысаево, Кемеровская область",86.276,54.6035
"Светлогорск, Калининградская область",20.1585,54.9395
"Тальменка, Алтайский край",83.5573,53.8194
"Суздаль, Владимирская область",40.4536,56.4192
"Миньяр, Челябинская область",57.551,55.0693
"Безенчук, Самарская область",49.4406,52.9831
"Камбарка, Удмуртия",54.2046,56.265
"Анапская, Краснодарский край",37.3895,44.8991
"Новосемейкино, Самарская область",50.3526,53.3741
"Маслова Пристань, Белгородская область",36.7413,50.4533
"Приобье, Ханты-Мансийский АО",65.6282,62.5466
"Калининск, Саратовская область",44.4836,51.5006
"Воротынец, Нижегородская область",45.855,56.0619
"Данилов, Ярославская область",40.1802,58.1846
"Болгар, Татарстан",49.0342,54.9671
"Зеленокумск, Ставропольский край",43.8736,44.4141
"Александровское, Ставропольский край",42.9979,44.7153
"Нягань, Ханты-Мансийский АО",65.3745,62.1293
"Шиханы, Саратовская область",47.2077,52.1174
"Черемхово, Иркутская область",103.094,53.1401
"Арск, Татарстан",49.8754,56.0889
"Ижморский, Кемеровская область",86.6236,56.1966
"Верхние Татышлы, Башкортостан",55.8522,56.295
"Тогучин, Новосибирская область",84.3975,55.2413
"Ольховка, Волгоградская область",44.556,49.8558
"Среднеуральск, Свердловская область",60.4701,56.9859
"Заречный, Свердловская область",61.3238,56.8058
"Урень, Нижегородская область",45.7931,57.4746
"Вешенская, Ростовская область",41.7147,49.6316
"Алапаевск, Свердловская область",61.688,57.8483
"Зеленогорск, Красноярский край",94.6139,56.1104
"Навашино, Нижегородская область",42.199,55.5448
"Белореченск, Краснодарский край",39.8817,44.7592
"Камышла, Самарская область",52.1346,54.1077
"Славгород, Алтайский край",78.6387,52.993
"Ялуторовск, Тюменская область",66.3059,56.6589
"Воронежская, Краснодарский край",39.5634,45.2173
"Светлый, Калининградская область",20.1265,54.6784
"Покров, Владимирская область",39.1784,55.9181
"Аксубаево, Татарстан",50.795,54.8464
"Бугуруслан, Оренбургская область",52.4332,53.6234
"Ивантеевка, Саратовская область",49.0997,52.2758
"Пестрецы, Татарстан",49.6486,55.7577
"Култук, Иркутская область",103.7082,51.7242
"Куйбышев, Новосибирская область",78.3114,55.4477
"Игрим, Ханты-Мансийский АО",64.4184,63.1908
"Орловский, Ростовская область",42.0318,46.8712
"Буинск, Татарстан",48.2787,54.9756
"Реж, Свердловская область",61.4222,57.3666
"Алексеевка, Самарская область",50.4928,53.2488
"Кулебаки, Нижегородская область",42.5234,55.4204
"Новоалександровск, Ставропольский край",41.2182,45.497
"Кинель, Самарская область",50.6344,53.221
"Лакинск, Владимирская область",39.961,56.0175
"Учалы, Башкортостан",59.4089,54.309
"Тоншаево, Нижегородская область",47.0128,57.7346
"Меленки, Владимирская область",41.6303,55.3365
"Ардатов, Нижегородская область",43.1028,55.2375
"Новокубанск, Краснодарский край",41.0183,45.1117
"Муслюмово, Татарстан",53.1961,55.303
"Пречистое, Ярославская область",40.3106,58.4238
"Тавда, Свердловская область",65.2561,58.0443
"Ессентукская, Ставропольский край",42.8811,44.029
"Платнировская, Краснодарский край",39.3842,45.39
"Байкальск, Иркутская область",104.1324,51.512
"Пласт, Челябинская область",60.8108,54.3721
"Североуральск, Свердловская область",59.9646,60.1553
"Тутаев, Ярославская область",39.5333,57.8676
"Серафимовский, Башкортостан",53.7683,54.4335
"Тюльган, Оренбургская область",56.1582,52.3569
"Красногорский, Челябинская область",61.2434,54.608
"Промышленная, Кемеровская область",85.6467,54.9144
"Хохольский, Воронежская область",38.7872,51.5782
"Буздяк, Башкортостан",54.5214,54.5725
"Парковый, Краснодарский край",40.153,45.8376
"Зерноград, Ростовская область",40.3079,46.849
"Когалым, Ханты-Мансийский АО",74.5447,62.2666
"Малояз, Башкортостан",58.1501,55.175
"Полтавка, Омская область",71.7539,54.3647
"Нижнеудинск, Иркутская область",99.0248,54.9019
"Вязники, Владимирская область",42.1024,56.2398
"Елизаветинская, Краснодарский край",38.8,45.0463
"Красноуфимск, Свердловская область",57.7537,56.6153
"Красноармейск, Саратовская область",45.7118,51.0179
"Черемшан, Татарстан",51.502,54.6597
"Лермонтов, Ставропольский край",42.9684,44.111
"Жигулевск, Самарская область",49.4723,53.3907
"Плотниково, Кемеровская область",85.9483,55.0251
"Чердынь, Пермский край",56.478,60.4053
"Топки, Кемеровская область",85.6144,55.2855
"Супсех, Краснодарский край",37.3557,44.8608
"Новопокровская, Краснодарский край",40.6896,45.9588
"Зауральский, Челябинская область",61.2385,54.7866
"Первомайский, Тульская область",37.5301,54.0428
"Советская, Ставропольский край",44.0431,44.0272
"Куркино, Тульская область",38.6661,53.4406
"Усть-Катав, Челябинская область",58.1646,54.9312
"Бутурлино, Нижегородская область",44.8719,55.5721
"Любинский, Омская область",72.6937,55.1536
"Камышлов, Свердловская область",62.7082,56.8523
"Веселый, Ростовская область",40.7455,47.0915
"Касли, Челябинская область",60.7445,55.8897
"Вача, Нижегородская область",42.7711,55.803
"Аткарск, Саратовская область",45,51.874
"Выселки, Краснодарский край",39.6543,45.579
"Красноярка, Омская область",73.0959,55.3226
"Некрасовское, Ярославская область",40.3591,57.6782
"Линда, Нижегородская область",44.1012,56.6186
"Тугулым, Свердловская область",64.6283,57.0563
"Острогожск, Воронежская область",39.0633,50.8548
"Языково, Башкортостан",55.0129,54.6893
"Чалтырь, Ростовская область",39.4992,47.2845
"Чишмы, Башкортостан",55.376,54.5924
"Сарманово, Татарстан",52.5882,55.2519
"Панино, Воронежская область",40.1312,51.6551
"Майкор, Пермский край",55.8856,58.9998
"Пролетарск, Ростовская область",41.7285,46.7024
"Сухой Лог, Свердловская область",62.0386,56.9116
"Полтавская, Краснодарский край",38.21,45.3681
"Сузун, Новосибирская область",82.3148,53.7842
"Талинка, Ханты-Мансийский АО",66.4509,61.5502
"Мариинск, Кемеровская область",87.7131,56.1936
"Северный, Белгородская область",36.5596,50.6731
"Новоузенск, Саратовская область",48.1403,50.468
"Тимашевск, Краснодарский край",38.9547,45.6093
"Светлоград, Ставропольский край",42.8637,45.3302
"Рудня, Волгоградская область",44.5658,50.8033
"Псебай, Краснодарский край",40.8109,44.1265
"Садовое, Воронежская область",40.4983,51.5413
"Чернянка, Белгородская область",37.8208,50.934
"Аскарово, Башкортостан",58.5109,53.3384
"Колывань, Новосибирская область",82.7365,55.3034
"Шушенское, Красноярский край",91.9335,53.3372
"Кувандык, Оренбургская область",57.3641,51.4795
"Богатые Сабы, Татарстан",50.4422,56.0131
"Новобатайск, Ростовская область",39.7801,46.8947
"Кушва, Свердловская область",59.7776,58.2857
"Сибай, Башкортостан",58.6681,52.7134
"Верещагино, Пермский край",54.6539,58.0704
"Прохоровка, Белгородская область",36.7303,51.037
"Белоярский, Ханты-Мансийский АО",66.6639,63.7065
"Воскресенское, Нижегородская область",45.4287,56.8392
"Спицевка, Ставропольский край",42.5033,45.1169
"Джубга кп, Краснодарский край",38.7016,44.3265
"Междуреченский, Ханты-Мансийский АО",65.9117,59.5946
"Пионерский, Ханты-Мансийский АО",62.8405,61.1996
"Излучинск, Ханты-Мансийский АО",76.8889,60.9528
"Афипский, Краснодарский край",38.8424,44.9056
"Красный Яр, Самарская область",50.3923,53.4978
"Дивногорск, Красноярский край",92.3711,55.9604
"Бреды, Челябинская область",60.3453,52.4128
"Сива, Пермский край",54.3806,58.3801
"Кугульта, Ставропольский край",42.3805,45.3638
"Нововоронеж, Воронежская область",39.22,51.3081
"Переправная, Краснодарский край",40.768,44.3337
"Решетиха, Нижегородская область",43.2909,56.2133
"Старая Станица, Ростовская область",40.2911,48.3442
"Мелиховская, Ростовская область",40.491,47.4777
"Нехаевская, Волгоградская область",41.7652,50.4059
"Белый Яр, Ханты-Мансийский АО",73.2434,61.2651
"Боровский, Тюменская область",65.7111,57.0474
"Алейск, Алтайский край",82.7806,52.4935
"Успенское, Краснодарский край",41.4034,44.8313
"Верхняя Тура, Свердловская область",59.81,58.3635
"Свирск, Иркутская область",103.3369,53.0908
"Лукоянов, Нижегородская область",44.4799,55.0315
"Боргустанская, Ставропольский край",42.5283,44.0544
"Вихоревка, Иркутская область",101.1869,56.1141
"Высокая Гора, Татарстан",49.3074,55.9122
"Давлеканово, Башкортостан",55.0291,54.2162
"Камешково, Владимирская область",41.0002,56.351
"Апастово, Татарстан",48.507,55.2018
"Иглино, Башкортостан",56.3944,54.818
"Ровеньки, Белгородская область",38.8956,49.9222
"Качканар, Свердловская область",59.4929,58.6979
"Новомихайловский кп, Краснодарский край",38.8497,44.2553
"Поворино, Воронежская область",42.2486,51.1954
"Очер, Пермский край",54.7288,57.8721
"Благовещенск, Башкортостан",55.9861,55.0386
"Чик, Новосибирская область",82.4381,54.9939
"Слюдянка, Иркутская область",103.7041,51.6629
"Батуринская, Краснодарский край",39.3676,45.7894
"Чусовой, Пермский край",57.8314,58.2754
"Павлоградка, Омская область",73.5659,54.2049
"Заокский, Тульская область",37.396,54.7333
"Рыздвяный, Ставропольский край",41.8414,45.2692
"Нефтегорск, Самарская область",51.1736,52.8033
"Жирновск, Волгоградская область",44.7853,50.9745
"Верхнеуральск, Челябинская область",59.2208,53.8764
"Озерск, Калининградская область",22.0194,54.4026
"Отказное, Ставропольский край",43.8588,44.322
"Трехгорный, Челябинская область",58.4455,54.8177
"Северо-Задонск, Тульская область",38.3936,54.0258
"Анастасиевская, Краснодарский край",37.8876,45.2188
"Тяжинский, Кемеровская область",88.5014,56.1219
"Струнино, Владимирская область",38.583,56.369
"Смоленское, Алтайский край",85.0829,52.3071
"Белев, Тульская область",36.1226,53.8124
"Абатское, Тюменская область",70.4383,56.2884
"Новоаннинский, Волгоградская область",42.6646,50.5255
"Болотное, Новосибирская область",84.3898,55.6687
"Заринск, Алтайский край",84.9265,53.7274
"Алтайское, Алтайский край",85.3391,51.9666
"Нижнесортымский, Ханты-Мансийский АО",71.7682,62.4413
"Нижние Вязовые, Татарстан",48.525,55.8026
"Новодеревянковская, Краснодарский край",38.7465,46.3188
"Емельяново, Красноярский край",92.6734,56.1746
"Городище, Волгоградская область",44.4739,48.8012
"Отрадная, Краснодарский край",41.52,44.3908
"Ельцовка, Алтайский край",86.263,53.2593
"Новомышастовская, Краснодарский край",38.5799,45.1974
"Мышкин, Ярославская область",38.4503,57.7868
"Староуткинск, Свердловская область",59.3185,57.2288
"Караидель, Башкортостан",56.8948,55.843
"Суровикино, Волгоградская область",42.8455,48.6086
"Красногвардейское, Ставропольский край",41.5075,45.8531
"Благодарный, Ставропольский край",43.4353,45.1025
"Суходол, Самарская область",51.2166,53.8939
"Белая Глина, Краснодарский край",40.8683,46.0812
"Октябрьский, Пермский край",57.2124,56.5196
"Приморско-Ахтарск, Краснодарский край",38.1904,46.0473
"Лысково, Нижегородская область",45.0342,56.0135
"Азовская, Краснодарский край",38.6225,44.7904
"Большой Луг, Иркутская область",104.085,52.0711
"Романово, Алтайский край",81.2396,52.62
"Кинель-Черкассы, Самарская область",51.5059,53.4671
"Динская, Краснодарский край",39.2308,45.2206
"Ужур, Красноярский край",89.8785,55.3253
"Волоконовка, Белгородская область",37.8595,50.4828
"Приютово, Башкортостан",53.9272,53.9049
"Топчиха, Алтайский край",83.1198,52.8244
"Заветное, Ростовская область",43.8813,47.1189
"Троицкая, Краснодарский край",38.1118,45.1313
"Таштагол, Кемеровская область",87.8895,52.7643
"Ирбейское, Красноярский край",95.4556,55.6418
"Поспелиха, Алтайский край",81.8433,51.9886
"Старощербиновская, Краснодарский край",38.6771,46.6285
"Новый Оскол, Белгородская область",37.8809,50.7502
"Березовка, Красноярский край",93.1268,56.0373
"Казанская, Ростовская область",41.1288,49.7909
"Починки, Нижегородская область",44.8379,54.7125
"Богородицк, Тульская область",38.1276,53.771
"Зольская, Ставропольский край",43.3073,43.9077
"Суворов, Тульская область",36.4856,54.1255
"Усть-Донецкий, Ростовская область",40.8758,47.6421
"Чертково, Ростовская область",40.1468,49.3887
"Калтан, Кемеровская область",87.2692,53.5216
"Абдулино, Оренбургская область",53.6475,53.682
"Нытва, Пермский край",55.3467,57.9332
"Бирск, Башкортостан",55.5443,55.4251
"Цимлянск, Ростовская область",42.0889,47.6452
"Межозерный, Челябинская область",59.3719,54.1508
"Ува, Удмуртия",52.1654,56.9834
"Анна, Воронежская область",40.4231,51.4843
"Сергач, Нижегородская область",45.4666,55.5219
"Качуг, Иркутская область",105.8742,53.9407
"Перевоз, Нижегородская область",44.5401,55.5922
"Карабаш, Челябинская область",60.1996,55.4777
"Ермекеево, Башкортостан",53.6778,54.0815
"Киргиз-Мияки, Башкортостан",54.8071,53.6337
"Заозерный, Красноярский край",94.7096,55.9742
"Донской, Тульская область",38.3529,53.9675
"Туртас, Тюменская область",69.1354,58.9359
"Большой Исток, Свердловская область",60.7826,56.7177
"Горняк, Алтайский край",81.4678,50.9988
"Верхний Мамон, Воронежская область",40.3711,50.1617
"Костерево, Владимирская область",39.6303,55.932
"Большеречье, Омская область",74.6203,56.09
"Федоровский, Ханты-Мансийский АО",73.7158,61.6064
"Упорово, Тюменская область",66.2733,56.3122
"Ясногорск, Тульская область",37.6941,54.4808
"Сокольское, Нижегородская область",43.1649,57.1447
"Неман, Калининградская область",22.0269,55.0276
"Яр, Удмуртия",52.111,58.2434
"Ливенка, Белгородская область",38.2881,50.4511
"Новотитаровская, Краснодарский край",38.9712,45.2366
"Кулешовка, Ростовская область",39.5504,47.076
"Красносельский, Краснодарский край",40.5991,45.3907
"Красноуральск, Свердловская область",60.0713,58.3303
"Верхняя Хава, Воронежская область",39.9313,51.8375
"Уяр, Красноярский край",94.3411,55.8204
"Зимовники, Ростовская область",42.4544,47.1284
"Ольховатка, Воронежская область",39.2774,50.2794
"Тулун, Иркутская область",100.5818,54.5699
"Горнозаводск, Пермский край",58.3243,58.3778
"Нижняя Тавда, Тюменская область",66.1742,57.6701
"Судогда, Владимирская область",40.86,55.9511
"Эртиль, Воронежская область",40.8071,51.8427
"Солдато-Александровское, Ставропольский край",43.763,44.2634
"Увельский, Челябинская область",61.362,54.4414
"Тетюши, Татарстан",48.8247,54.9479
"Нестеров, Калининградская область",22.5691,54.6305
"Карпинск, Свердловская область",60.0135,59.7654
"Светлый, Саратовская область",45.6264,51.6769
"Черлак, Омская область",74.7964,54.1577
"Аргаяш, Челябинская область",60.8752,55.4857
"Григорополисская, Ставропольский край",41.0546,45.2939
"Муромцево, Омская область",75.2394,56.3729
"Куйбышево, Ростовская область",38.9149,47.8144
"Песчанокопское, Ростовская область",41.0849,46.1932
"Еткуль, Челябинская область",61.586,54.8278
"Прибрежный, Самарская область",49.8574,53.484
"Гурьевск, Кемеровская область",85.9283,54.2836
"Татарск, Новосибирская область",75.9685,55.1937
"Ребриха, Алтайский край",82.3454,53.0853
"Дальнее Константиново, Нижегородская область",44.0863,55.8071
"Месягутово, Башкортостан",58.2458,55.536
"Яровое, Алтайский край",78.5731,52.9323
"Колодезный, Воронежская область",39.2957,51.3461
"Кизильское, Челябинская область",58.9019,52.7253
"Степное, Ставропольский край",44.5876,44.2714
"Чернь, Тульская область",36.9144,53.4573
"Константиновск, Ростовская область",41.0913,47.5872
"Беляевка, Оренбургская область",56.4096,51.4002
"Зеленоградск, Калининградская область",20.4747,54.9562
"Ивдель, Свердловская область",60.4316,60.6923
"Бриньковская, Краснодарский край",38.5855,46.033
"Краснозерское, Новосибирская область",79.2533,54.0027
"Иланский, Красноярский край",96.0954,56.2437
"Крыловская, Краснодарский край",39.97,46.3152
"Ленинский, Тульская область",37.4612,54.2876
"Вольгинский, Владимирская область",39.2399,55.9499
"Исилькуль, Омская область",71.2661,54.9013
"Агроном, Краснодарский край",39.195,45.1388
"Залари, Иркутская область",102.5102,53.5657
"Шерегеш, Кемеровская область",87.9926,52.927
"Октябрьский, Белгородская область",36.3468,50.4447
"Куса, Челябинская область",59.4468,55.3464
"Усть-Качка, Пермский край",55.6721,58.0028
"Серафимович, Волгоградская область",42.7304,49.5771
"Палласовка, Волгоградская область",46.8887,50.043
"Борисовка, Белгородская область",36.0089,50.6017
"Короча, Белгородская область",37.1949,50.8146
"Куйтун, Иркутская область",101.5036,54.3352
"Кочубеевское, Ставропольский край",41.8204,44.6796
"Дубна, Тульская область",36.9649,54.1549
"Львовское, Краснодарский край",38.6091,44.9999
"Долгодеревенское, Челябинская область",61.3467,55.3501
"Новопавловск, Ставропольский край",43.6237,43.9589
"Курсавка, Ставропольский край",42.5035,44.4598
"Куеда, Пермский край",55.6,56.4322
"Хабары, Алтайский край",79.5358,53.6162
"Ленинск, Волгоградская область",45.2032,48.6979
"Родионово-Несветайская, Ростовская область",39.7101,47.6124
"Коченево, Новосибирская область",82.2018,55.0094
"Средний Икорец, Воронежская область",39.7573,51.0701
"Рязанская, Краснодарский край",39.5853,44.9566
"Седельниково, Омская область",75.3012,56.9444
"Еманжелинск, Челябинская область",61.3211,54.7569
"Кизел, Пермский край",57.6238,59.0549
"Павловск, Воронежская область",40.1396,50.4552
"Новый Рогачик, Волгоградская область",44.0605,48.6805
"Гаврилов-Ям, Ярославская область",39.8548,57.2993
"Железногорск-Илимский, Иркутская область",104.1324,56.5848
"Бавлы, Татарстан",53.2773,54.3895
"Кизнер, Удмуртия",51.5067,56.2811
"Новая Усмань, Воронежская область",39.4129,51.6263
"Рощино, Челябинская область",61.2644,55.3101
"Сенной, Краснодарский край",36.9991,45.2902
"Верхнерусское, Ставропольский край",41.9508,45.1296
"Самарское, Ростовская область",39.6996,46.9372
"Александровск, Пермский край",57.5942,59.1562
"Мальчевская, Ростовская область",40.3783,49.0612
"Линево, Новосибирская область",83.3749,54.4555
"Медногорск, Оренбургская область",57.6085,51.3969
"Краснознаменск, Калининградская область",22.4872,54.942
"Подгорный, Красноярский край",93.4352,56.1238
"Ермаковское, Красноярский край",92.398,53.2748
"Багаевская, Ростовская область",40.3789,47.3178
"Уруссу, Татарстан",53.4577,54.5993
"Чебеньки, Оренбургская область",55.7071,51.9434
"Болохово, Тульская область",37.825,54.0907
"Новичиха, Алтайский край",81.3942,52.2052
"Балашейка, Самарская область",48.0966,53.2804
"Витязево, Краснодарский край",37.258,44.9869
"Бородино, Красноярский край",94.9026,55.9079
"Боготол, Красноярский край",89.5382,56.2138
"Омутинское, Тюменская область",67.666,56.4786
"Новосмолинский, Нижегородская область",43.0264,56.2862
"Актюбинский, Татарстан",52.8039,54.8114
"Енисейск, Красноярский край",92.1868,58.4501
"Октябрьский, Волгоградская область",43.6393,47.9683
"Курская, Ставропольский край",44.453,44.0422
"Кез, Удмуртия",53.7151,57.9034
"Гай, Оренбургская область",58.4552,51.4732
"Кунашак, Челябинская область",61.5382,55.7041
"Богучар, Воронежская область",40.5529,49.9379
"Ладожская, Краснодарский край",39.9339,45.3066
"Азово, Омская область",73.041,54.7048
"Таловая, Воронежская область",40.7334,51.1158
"Голубицкая, Краснодарский край",37.2735,45.3246
"Талица, Свердловская область",63.7191,57.0127
"Инской, Кемеровская область",86.4139,54.4221
"Ракитное, Белгородская область",35.8362,50.8419
"Солнечнодольск, Ставропольский край",41.4882,45.2906
"Ордынское, Новосибирская область",81.8454,54.3506
"Завьялово, Удмуртия",53.3797,56.7965
"Ермолаево, Башкортостан",55.8088,52.7022
"Холмская, Краснодарский край",38.3881,44.8484
"Тимирязевский, Челябинская область",60.7611,54.9267
"Большое Мурашкино, Нижегородская область",44.7727,55.7795
"Мамонтово, Алтайский край",81.6119,52.7117
"Яйва, Пермский край",57.2583,59.3335
"Новоукраинское, Краснодарский край",40.5239,45.3803
"Двуреченск, Свердловская область",61.1002,56.596
"Челно-Вершины, Самарская область",51.0825,54.4231
"Тамань, Краснодарский край",36.7103,45.212
"Агидель, Башкортостан",53.9334,55.9005
"Котельниково, Волгоградская область",43.1424,47.631
"Солнечный, Ханты-Мансийский АО",73.1955,61.2906
"Ильинский, Пермский край",55.6955,58.5673
"Иловля, Волгоградская область",43.9797,49.3027
"Бирюч, Белгородская область",38.4017,50.6499
"Бодайбо, Иркутская область",114.2012,57.854
"Дёмино, Ставропольский край",42.0307,44.9864
"Дивеево, Нижегородская область",43.2464,55.0375
"Знаменск, Калининградская область",21.2279,54.6141
"Ковернино, Нижегородская область",43.806,57.126
"Кантемировка, Воронежская область",39.8635,49.7001
"Саракташ, Оренбургская область",56.3554,51.7863
"Балтаси, Татарстан",50.2135,56.3424
"Каменоломни, Ростовская область",40.2041,47.6723
"Исянгулово, Башкортостан",56.5806,52.193
"Александрийская, Ставропольский край",43.3349,44.2275
"Ахтарский, Краснодарский край",38.352,46.0031
"Пестравка, Самарская область",49.9535,52.4079
"Канеловская, Краснодарский край",39.1892,46.5921
"Алнаши, Удмуртия",52.4719,56.1848
"Тарасовский, Ростовская область",40.3751,48.7267
"Красная Яруга, Белгородская область",35.6592,50.8024
"Сысерть, Свердловская область",60.8247,56.5103
"Красноармейское, Самарская область",50.0327,52.7078
"Тайга, Кемеровская область",85.6336,56.065
"Томаровка, Белгородская область",36.2314,50.6772
"Радужный, Владимирская область",40.3296,55.9956
"Барда, Пермский край",55.5868,56.9269
"Фастовецкая, Краснодарский край",40.1588,45.9184
"Лаишево, Татарстан",49.5454,55.4031
"Алексеевское, Татарстан",50.1189,55.307
"Бобров, Воронежская область",40.0217,51.1052
"Залесово, Алтайский край",84.77,53.9984
"Шепси, Краснодарский край",39.152,44.0413
"Уральский, Пермский край",55.5564,57.9433
"Исетское, Тюменская область",65.3249,56.4819
"Актаныш, Татарстан",54.077,55.7116
"Зональное, Алтайский край",84.9321,52.6614
"Волжский, Самарская область",50.1187,53.4355
"Терновка, Воронежская область",41.6129,51.6781
"Вишневогорск, Челябинская область",60.6619,55.9995
"Васюринская, Краснодарский край",39.4247,45.1219
"Туринск, Свердловская область",63.685,58.0413
"Миасское, Челябинская область",61.9012,55.2764
"Налобиха, Алтайский край",84.5984,53.2025
"Ясный, Оренбургская область",59.8684,51.0288
"Малая Пурга, Удмуртия",52.9959,56.5614
"Первомайский, Оренбургская область",54.9575,51.5426
"Туринская Слобода, Свердловская область",64.3875,57.6127
"Старовеличковская, Краснодарский край",38.7206,45.4353
"Елань, Волгоградская область",43.7396,50.9527
"Богандинский, Тюменская область",65.8835,56.8881
"Оханск, Пермский край",55.3891,57.7193
"Баймак, Башкортостан",58.3195,52.5866
"Урожайное, Ставропольский край",44.913,44.7909
"Черепаново, Новосибирская область",83.3671,54.2191
"Борское, Самарская область",51.688,53.0291
"Семилуки, Воронежская область",39.0303,51.6816
"Камские Поляны, Татарстан",51.4125,55.4282
"Красноусольский, Башкортостан",56.4698,53.8908
"Кротовка, Самарская область",51.1789,53.2909
"Михайловское, Алтайский край",79.7216,51.8245
"Большая Глушица, Самарская область",50.4848,52.3839
"Бердюжье, Тюменская область",68.3168,55.8019
"Березанская, Краснодарский край",39.5913,45.7056
"Майский, Белгородская область",36.4561,50.5228
"Вейделевка, Белгородская область",38.4539,50.1566
"Пономарёвка, Оренбургская область",54.1071,53.3187
"Курлово, Владимирская область",40.6134,55.4563
"Светлый Яр, Волгоградская область",44.7833,48.4833
"Переволоцкий, Оренбургская область",54.1878,51.8768
"Косиха, Алтайский край",84.5744,53.3607
"Пластуновская, Краснодарский край",39.2634,45.2934
"Ростовка, Омская область",73.5882,55.0225
"Георгиевская, Ставропольский край",43.4875,44.116
"Гражданское, Ставропольский край",42.774,44.2319
"Каскара, Тюменская область",65.9056,57.1832
"Ярославская, Краснодарский край",40.4646,44.6066
"Виноградный, Краснодарский край",37.3267,45.0579
"Глубокий, Ростовская область",40.3168,48.5267
"Малиновое Озеро, Алтайский край",79.7377,51.6922
"Правдинск, Калининградская область",21.012,54.4413
"Васильево, Татарстан",48.7172,55.8306
"Васильково, Калининградская область",20.5827,54.7419
"Бородинский, Тульская область",37.8206,53.9966
"Николаевск, Волгоградская область",45.4589,50.0297
"Каракулино, Удмуртия",53.7011,56.0117
"Птичье, Ставропольский край",41.7158,45.5174
"Мегет, Иркутская область",104.0469,52.4266
"Таежный, Красноярский край",97.3119,58.0737
"Кузино, Свердловская область",62.1547,57.8472
"Яя, Кемеровская область",86.4521,56.2086
"Шаранга, Нижегородская область",46.5418,57.1785
"Красная Поляна, Краснодарский край",40.21,43.6805
"Новотроицкая, Ставропольский край",41.5234,45.3626
"Тацинская, Ростовская область",41.273,48.1979
"Петра Дубрава, Самарская область",50.3632,53.2948
"Бакал, Челябинская область",58.8262,54.9524
"Новониколаевский, Волгоградская область",42.3702,50.9819
"Обильное, Ставропольский край",43.5632,44.2431
"Агрыз, Татарстан",52.9405,56.5193
"Каширское, Воронежская область",39.5914,51.4111
"Митрофановка, Воронежская область",39.6992,49.9717
"Винзили, Тюменская область",65.7702,56.9607
"Верхние Киги, Башкортостан",58.5984,55.412
"Нежинка, Оренбургская область",55.3624,51.7669
"Стрелецкое, Белгородская область",36.4833,50.6303
"Крутинка, Омская область",71.5006,56.0058
"Новосергиевка, Оренбургская область",53.6392,52.0941
"Старое Дрожжаное, Татарстан",47.5575,54.7263
"Яшкино, Кемеровская область",85.4136,55.8673
"Полесск, Калининградская область",21.1021,54.8615
"Краснокаменск, Красноярский край",93.2187,54.3141
"Шелаболиха, Алтайский край",82.6294,53.4067
"Большое Козино, Нижегородская область",43.7135,56.4044
"Култаево, Пермский край",55.9372,57.8978
"Рыбная Слобода, Татарстан",50.1455,55.4602
"Варна, Челябинская область",60.9796,53.3828
"Береславка, Волгоградская область",44.0492,48.6206
"Уйское, Челябинская область",60.0069,54.375
"Ивановская, Краснодарский край",38.4491,45.2818
"Средняя Ахтуба, Волгоградская область",44.8611,48.7143
"Калужская, Краснодарский край",38.9794,44.7611
"Первомайское, Алтайский край",84.0094,53.7221
"Ключи, Алтайский край",79.1635,52.2531
"Октябрьск, Самарская область",48.769,53.1835
"Лихой, Ростовская область",40.2088,48.1268
"Михайловка, Иркутская область",103.2794,52.9591
"Шатки, Нижегородская область",44.1198,55.186
"Большая Мартыновка, Ростовская область",41.6672,47.2731
"Русская Поляна, Омская область",73.8784,53.7787
"Новоаганск, Ханты-Мансийский АО",76.6624,61.9431
"Бураево, Башкортостан",55.4057,55.8488
"Аркадак, Саратовская область",43.5028,51.9349
"Кривянская, Ростовская область",40.174,47.3927
"Верхотурье, Свердловская область",60.7533,58.8642
"Андреево, Владимирская область",41.1501,55.942
"Ладушкин, Калининградская область",20.1764,54.5729
"Стародеревянковская, Краснодарский край",38.9645,46.1327
"Белоярск, Алтайский край",83.8914,53.4594
"Называевск, Омская область",71.3525,55.5679
"Грибановский, Воронежская область",41.9604,51.4438
"Кутулик, Иркутская область",102.7861,53.3493
"Старомышастовская, Краснодарский край",39.0743,45.3395
"Краснощеково, Алтайский край",82.7569,51.6661
"Рассвет, Ростовская область",39.8769,47.3571
"Курагино, Красноярский край",92.6812,53.8971
"Тисуль, Кемеровская область",88.3102,55.7629
"Грамотеино, Кемеровская область",86.3589,54.5195
"Пролетарский, Белгородская область",35.7748,50.789
"Арья, Нижегородская область",45.9758,57.4874
"Змеиногорск, Алтайский край",82.193,51.1548
"Верхняя Салда, Свердловская область",60.5592,58.0411
"Трудобеликовский, Краснодарский край",38.148,45.2652
"Новая Игирма, Иркутская область",103.9325,57.1356
"Приморск, Волгоградская область",45.0322,49.268
"Новый Городок, Кемеровская область",86.3048,54.3039
"Уразово, Белгородская область",38.0457,50.0861
"Грачевка, Ставропольский край",42.4019,45.2031
"Кукмор, Татарстан",50.8963,56.1886
"Николо-Павловское, Свердловская область",60.0578,57.7842
"Сюмси, Удмуртия",51.6082,57.1025
"Агинское, Красноярский край",94.8909,55.2552
"Кабардинка, Краснодарский край",37.9401,44.6489
"Усть-Уда, Иркутская область",103.0272,54.1716
"Ивня, Белгородская область",36.136,51.0588
"Осиново, Татарстан",48.8817,55.8814
"Мамадыш, Татарстан",51.3965,55.7122
"Дубовка, Волгоградская область",44.8207,49.0518
"Большая Мурта, Красноярский край",93.1215,56.9103
"Криводановка, Новосибирская область",82.6436,55.0869
"Ерзовка, Волгоградская область",44.636,48.9309
"Красная Горбатка, Владимирская область",41.7573,55.8692
"Балакирево, Владимирская область",38.8376,56.5037
"Оек, Иркутская область",104.4693,52.5952
"Вавож, Удмуртия",51.9235,56.778
"Белореченский, Иркутская область",103.5254,52.8068
"Приволжье, Самарская область",48.5901,52.851
"Кашары, Ростовская область",41.0125,49.0371
"Мошково, Новосибирская область",83.6139,55.3081
"Дубовка, Тульская область",38.1451,53.9175
"Абан, Красноярский край",96.0791,56.6773
"Южный, Краснодарский край",39.0181,45.153
"Хрящевка, Самарская область",49.0892,53.8168
"Новый Некоуз, Ярославская область",38.0599,57.9054
"Волчанск, Свердловская область",60.0862,59.9302
"Звездный, Пермский край",56.3125,57.7344
"Одесское, Омская область",72.9614,54.2085
"Ветлуга, Нижегородская область",45.7774,57.8567
"Осинки, Самарская область",49.5097,52.8472
"Усть-Чарышская Пристань, Алтайский край",83.6566,52.4009
"Новоселицкое, Ставропольский край",43.4364,44.7476
"Авдон, Башкортостан",55.7134,54.6736
"Мамоново, Калининградская область",19.9348,54.4658
"Кандры, Башкортостан",54.107,54.5548
"Полетаево, Челябинская область",61.1141,55.0309
"Салаир, Кемеровская область",85.8099,54.2358
"Межгорье, Башкортостан",57.8167,54.05
"Кошки, Самарская область",50.4676,54.208
"Краснооктябрьский, Волгоградская область",44.7577,48.8681
"Арти, Свердловская область",58.5331,56.4251
"Должанская, Краснодарский край",37.8054,46.6446
"Юргинское, Тюменская область",67.7234,57.0162
"Домбаровский, Оренбургская область",59.5332,50.7611
"Кодинск, Красноярский край",99.1779,58.6077
"Петров Вал, Волгоградская область",45.2103,50.1373
"Камское Устье, Татарстан",49.2597,55.1952
"Новогуровский, Тульская область",37.3384,54.4677
"Небуг, Краснодарский край",39.0032,44.1728
"Мирный, Самарская область",50.2679,53.5127
"Атиг, Свердловская область",59.4256,56.6875
"Новолуговое, Новосибирская область",83.1136,54.9787
"Матвеев-Курган, Ростовская область",38.8697,47.569
"Покачи, Ханты-Мансийский АО",75.3654,61.7251
"Новохоперск, Воронежская область",41.6226,51.1013
"Бачатский, Кемеровская область",86.11,54.2824
"Селты, Удмуртия",52.1343,57.3071
"Красногорское, Алтайский край",86.1851,52.2934
"Сеченово, Нижегородская область",45.8962,55.2313
"Старобалтачево, Башкортостан",55.9185,55.9987
"Веселое, Краснодарский край",39.9998,43.4057
"Саргатское, Омская область",73.4882,55.6085
"Репьевка, Воронежская область",38.6406,51.0829
"Чесма, Челябинская область",60.653,53.805
"Курчанская, Краснодарский край",37.5715,45.2241
"Новоджерелиевская, Краснодарский край",38.6709,45.7762
"Краснообск, Новосибирская область",82.9903,54.9191
"Павловск, Алтайский край",82.9868,53.3252
"Юсьва, Пермский край",54.9578,58.9633
"Тоцкое Второе, Оренбургская область",52.8249,52.5422
"Пшехская, Краснодарский край",39.8025,44.6963
"Одоев, Тульская область",36.6849,53.9385
"Нововаршавка, Омская область",74.6932,54.1695
"Березовка, Пермский край",57.3181,57.6057
"Сосьва, Свердловская область",61.8381,59.1557
"Уинское, Пермский край",56.5701,56.8814
"Пятигорский, Ставропольский край",43.2592,43.9749
"Кильмезь, Удмуртия",51.3444,57.0116
"Черноисточинск, Свердловская область",59.8717,57.7388
"Адамовка, Оренбургская область",59.9419,51.5218
"Михайловск, Свердловская область",59.1221,56.44
"Казьминское, Ставропольский край",41.6772,44.5873
"Киясово, Удмуртия",53.1196,56.34
"Старонижестеблиевская, Краснодарский край",38.4362,45.3753
"Рамонь, Воронежская область",39.3332,51.9053
"Мысхако, Краснодарский край",37.7481,44.6603
"Балезино, Удмуртия",53.0049,57.9701
"Юганец, Нижегородская область",43.2316,56.2512
"Новая Заимка, Тюменская область",66.9281,56.4814
"Сылва, Пермский край",56.7418,58.0324
"Головчино, Белгородская область",35.8104,50.5414
"Боковская, Ростовская область",41.8366,49.2236
"Волово, Тульская область",38.0076,53.5583
"Шербакуль, Омская область",72.4016,54.6336
"Боровиха, Алтайский край",83.8403,53.5038
"Раздольная, Краснодарский край",39.5559,45.3776
"Ярково, Тюменская область",67.0752,57.4026
"Тургояк, Челябинская область",60.0606,55.1666
"Крапивинский, Кемеровская область",86.7856,55.0015
"Краснослободск, Волгоградская область",44.5745,48.7034
"Ольгинская, Краснодарский край",38.5454,45.9431
"Вознесенское, Нижегородская область",42.7718,54.8949
"Кармаскалы, Башкортостан",56.1747,54.3674
"Спасское, Нижегородская область",45.6909,55.8584
"Канашево, Челябинская область",62.0637,55.2088
"Александровка, Оренбургская область",54.4142,52.6804
"Труновское, Ставропольский край",42.1414,45.4789
"Тельма, Иркутская область",103.7228,52.6938
"Таврическое, Омская область",73.6387,54.586
"Ильиногорск, Нижегородская область",42.9835,56.2286
"Ворсма, Нижегородская область",43.2707,55.9864
"Тимашево, Самарская область",51.1738,53.3495
"Бакалы, Башкортостан",53.7937,55.1741
"Верх-Чебула, Кемеровская область",87.6191,56.0299
"Быково, Волгоградская область",45.3909,49.766
"Пески, Воронежская область",42.4607,51.2545
"Чулым, Новосибирская область",80.9699,55.1015
"Смоленская, Краснодарский край",38.802,44.7892
"Сим, Челябинская область",57.6874,54.9896
"Бижбуляк, Башкортостан",54.2761,53.6957
"Юца, Ставропольский край",43.0153,43.9582
"Октябрьское, Ханты-Мансийский АО",66.0407,62.4627
"Никологоры, Владимирская область",41.994,56.1388
"Усть-Кинельский, Самарская область",50.5724,53.2685
"Сумкино, Тюменская область",68.3324,58.1106
"Октябрьский, Тульская область",37.986,53.9609
"Асекеево, Оренбургская область",52.8129,53.5748
"Здвинск, Новосибирская область",78.6819,54.7025
"Карагай, Пермский край",54.9327,58.2632
"Спокойная, Краснодарский край",41.3941,44.2477
"Смышляевка, Самарская область",50.3924,53.2486
"Целинное, Алтайский край",85.6747,53.0804
"Толбазы, Башкортостан",55.8925,54.0114
"Еланский, Свердловская область",62.5079,56.8382
"Кондратово, Пермский край",56.1061,57.9781
"Архангельское, Башкортостан",56.7833,54.4069
"Девица, Воронежская область",38.9476,51.6426
"Некрасовская, Краснодарский край",39.7542,45.1458
"Липки, Тульская область",37.7002,53.9455
"Борисоглебский, Ярославская область",39.1518,57.2559
"Хохол, Воронежская область",38.7541,51.5725
"Вышестеблиевская, Краснодарский край",36.9939,45.1921
"Темиргоевская, Краснодарский край",40.2951,45.11
"Мраково, Башкортостан",56.6225,52.7197
"Шигоны, Самарская область",48.6747,53.3887
"Солтон, Алтайский край",86.473,52.8414
"Благовещенка, Алтайский край",79.8696,52.8341
"Каргат, Новосибирская область",80.2835,55.1987
"Бирюсинск, Иркутская область",97.8115,55.9646
"Троицкий, Свердловская область",63.7473,57.0676
"Верхнеяркеево, Башкортостан",54.3075,55.4505
"Кисляковская, Краснодарский край",39.6777,46.4483
"Кулунда, Алтайский край",78.9297,52.56
"Сергиевск, Самарская область",51.1677,53.9491
"Нязепетровск, Челябинская область",59.5981,56.0508
"Октябрьская, Краснодарский край",39.8062,46.2813
"Новоорск, Оренбургская область",58.977,51.3833
"Городищи, Владимирская область",39.0855,55.8677
"Преображенская, Волгоградская область",43.0393,50.7369
"Усть-Ишим, Омская область",71.1672,57.6926
"Пелагиада, Ставропольский край",42.0094,45.2107
"Свободы, Ставропольский край",43.0522,44.0245
"Маньково-Калитвенское, Ростовская область",40.2746,49.3989
"Попутная, Краснодарский край",41.5264,44.3967
"Бобровский, Свердловская область",60.9665,56.6787
"Новолеушковская, Краснодарский край",39.995,45.9986
"Юго-Камский, Пермский край",55.5833,57.7019
"Светлый, Оренбургская область",60.8516,50.8202
"Бессоновка, Белгородская область",36.2954,50.5318
"Сладково, Тюменская область",70.352,55.5296
"Дубовское, Ростовская область",42.7703,47.4067
"Цементный, Свердловская область",60.1515,57.4777
"Верхнее Дуброво, Свердловская область",61.037,56.7519
"Сибирский, Алтайский край",83.8398,53.5576
"Гостагаевская, Краснодарский край",37.5017,45.0206
"Ясная Поляна, Ставропольский край",42.7591,44.0202
"Прибельский, Башкортостан",56.4382,54.366
"Нижние Серги, Свердловская область",59.3,56.6627
"Большегривское, Омская область",74.9167,53.9167
"Вагай, Тюменская область",69.0107,57.9342
"Купино, Новосибирская область",77.2959,54.3686
"Питерка, Саратовская область",47.4372,50.6761
"Сокольники, Тульская область",38.4802,54.0702
"Арсеньево, Тульская область",36.6627,53.7387
"Усть-Ордынский, Иркутская область",104.735,52.8077
"Новоплатнировская, Краснодарский край",39.4207,46.1128
"Новоблагодарное, Ставропольский край",42.8757,44.1401
"Новоомский, Омская область",73.2999,54.8406
"Акъяр, Башкортостан",58.2097,51.8592
"Княгинино, Нижегородская область",45.0303,55.8221
"Кировская, Ростовская область",40.0437,46.9805
"Советск, Тульская область",37.6369,53.9369
"Тевриз, Омская область",72.4008,57.5127
"Ладовская Балка, Ставропольский край",41.4074,45.6293
"Орда, Пермский край",56.92,57.1928
"Алзамай, Иркутская область",98.6569,55.5579
"Дуван, Башкортостан",57.8949,55.6944
"Акбулак, Оренбургская область",55.6306,51.0018
"Оверята, Пермский край",55.8727,58.082
"Шаля, Свердловская область",58.7326,57.2567
"Шолоховский, Ростовская область",41.0463,48.2754
"Новобирюсинский, Иркутская область",97.7358,56.9568
"Славск, Калининградская область",21.6727,55.0451
"Аромашево, Тюменская область",68.6438,56.8622
"Буревестник, Нижегородская область",43.3669,56.7559
"Подбельск, Самарская область",51.8226,53.6091
"Калниболотская, Краснодарский край",40.446,46.0119
"Пильна, Нижегородская область",45.9189,55.5572
"Каменка, Воронежская область",39.4306,50.7078
"Кавказская, Краснодарский край",40.6704,45.4415
"Шабры, Свердловская область",60.5801,56.6409
"Марьянская, Краснодарский край",38.6291,45.1012
"Елово, Пермский край",54.941,57.0473
"Гривенская, Краснодарский край",38.1652,45.6446
"Дружинино, Свердловская область",59.5189,56.7873
"Милютинская, Ростовская область",41.6788,48.6222
"Хрущево, Тульская область",37.5304,54.2306
"Зудилово, Алтайский край",83.8885,53.4851
"Бохан, Иркутская область",103.7774,53.1535
"Брейтово, Ярославская область",37.8709,58.2933
"Новоуткинск, Свердловская область",59.555,56.996
"Первомайский, Челябинская область",61.1717,54.8714
"Шаран, Башкортостан",53.9992,54.8153
"Сакмара, Оренбургская область",55.3418,51.9839
"Хреновое, Воронежская область",40.2897,51.1132
"Татарка, Ставропольский край",41.9394,44.9599
"Нововеличковская, Краснодарский край",38.8489,45.2763
"Мундыбаш, Кемеровская область",87.2799,53.214
"Шкуринская, Краснодарский край",39.3583,46.5912
"Петровское, Ярославская область",39.269,57.0096
"Краснотуранск, Красноярский край",91.5481,54.3204
"Грицовский, Тульская область",38.1576,54.1351
"Краснокумское, Ставропольский край",43.491,44.1789
"Вад, Нижегородская область",44.2021,55.5302
"Чистоозерное, Новосибирская область",76.5808,54.7083
"Байкалово, Свердловская область",63.7622,57.399
"Краснобродский, Кемеровская область",86.4453,54.1578
"Роза, Челябинская область",61.4598,54.9095
"Усолье, Пермский край",56.6804,59.4255
"Гигант, Ростовская область",41.3457,46.5055
"Еманжелинка, Челябинская область",61.2908,54.8061
"Благодатное, Ставропольский край",42.5902,45.3935
"Стройкерамика, Самарская область",50.4026,53.2719
"Венцы, Краснодарский край",40.8299,45.3728
"Дубовый Умет, Самарская область",50.2924,52.9782
"Бердяуш, Челябинская область",59.1516,55.1543
"Южный, Калининградская область",20.6014,54.5509
"Большая Орловка, Ростовская область",41.2684,47.3303
"Бродокалмак, Челябинская область",62.0725,55.5747
"Грачёвка, Оренбургская область",52.8731,52.9251
"Бесскорбная, Краснодарский край",41.3034,44.6442
"Комсомольский, Самарская область",50.8446,53.2378
"Соломенское, Ставропольский край",44.3478,44.2155
"Юмагузино, Башкортостан",56.3849,52.903
"Красный Яр, Волгоградская область",44.7335,50.6994
"Алкино-2, Башкортостан",55.594,54.6663
"Северное, Новосибирская область",78.3453,56.3446
"Саратовская, Краснодарский край",39.2189,44.6992
"Тюкалинск, Омская область",72.2074,55.8713
"Покровское, Ростовская область",38.9056,47.4046
"Кытманово, Алтайский край",85.4325,53.4568
"Семибратово, Ярославская область",39.5361,57.3013
"Юкаменское, Удмуртия",52.2419,57.8909
"Пышма, Свердловская область",63.2586,56.9624
"Обь, Новосибирская область",82.6824,55.0006
"Баранчинский, Свердловская область",59.7156,58.1751
"Балахта, Красноярский край",91.6384,55.3864
"Латная, Воронежская область",38.8916,51.6521
"Краснохолмский, Башкортостан",55.0535,55.983
"Сростки, Алтайский край",85.6978,52.422
"Московское, Ставропольский край",41.9167,45.2808
"Антипино, Тюменская область",65.7337,57.1075
"Советское, Алтайский край",85.4052,52.2774
"Обливская, Ростовская область",42.495,48.5363
"Абрау-Дюрсо, Краснодарский край",37.5999,44.7014
"Салым, Ханты-Мансийский АО",71.4536,60.0613
"Московский, Тюменская область",65.4271,57.1086
"Большое Село, Ярославская область",38.9417,57.7168
"Красное, Краснодарский край",39.5629,46.7381
"Большое Болдино, Нижегородская область",45.3118,55.0045
"Ачит, Свердловская область",57.8931,56.7939
"Фершампенуаз, Челябинская область",59.8159,53.52
"Рассвет, Тульская область",37.4484,54.1664
"Даниловка, Волгоградская область",44.1144,50.3632
"Зеленогорский, Кемеровская область",86.9564,55.0017
"Тасеево, Красноярский край",94.9017,57.192
"Петропавловская, Краснодарский край",40.4611,45.0838
"Кирпильская, Краснодарский край",39.6913,45.3743
"Большая Джалга, Ставропольский край",42.6973,45.9701
"Красногвардеец, Оренбургская область",52.3661,52.6771
"Новые Зори, Алтайский край",84.9378,53.7625
"Родино, Алтайский край",80.2178,52.5018
"Викулово, Тюменская область",70.6101,56.8178
"Субханкулово, Башкортостан",53.8113,54.5582
"Кольцово, Новосибирская область",83.1786,54.9368
"Мишкино, Башкортостан",55.9576,55.5345
"Правокумское, Ставропольский край",44.6466,44.767
"Большое Сорокино, Тюменская область",69.8072,56.6297
"Новониколаевская, Краснодарский край",38.3683,45.5894
"Старая Станица, Краснодарский край",41.1496,45.0125
"Новый Буян, Самарская область",50.0434,53.6834
"Атаманская, Краснодарский край",39.6394,46.1778
"Переясловская, Краснодарский край",39.023,45.8404
"Тирлянский, Башкортостан",58.5901,54.2102
"Старолеушковская, Краснодарский край",39.7586,45.9844
"Баево, Алтайский край",80.7652,53.2655
"Маркова, Иркутская область",107.0924,57.3159
"Малиновка, Кемеровская область",87.2865,53.4043
"Старомарьевка, Ставропольский край",42.2278,45.0893
"Шарлык, Оренбургская область",54.7461,52.921
"Буланаш, Свердловская область",61.9923,57.2806
"Кагальник, Ростовская область",39.3245,47.0766
"Дорогино, Новосибирская область",83.321,54.3619
"Казанское, Тюменская область",69.2262,55.6402
"Отрадное, Воронежская область",39.3422,51.6452
"Большая Соснова, Пермский край",54.5957,57.673
"Клявлино, Самарская область",52.026,54.256
"Горьковское, Омская область",74.3647,55.3708
"Нижнебаканская, Краснодарский край",37.865,44.865
"Роговатое, Белгородская область",38.3763,51.2225
"Горноуральский, Свердловская область",59.8921,58.0577
"Кабаково, Башкортостан",56.1495,54.5329
"Озинки, Саратовская область",49.7335,51.1978
"Владимирская, Краснодарский край",40.7937,44.5425
"Венгерово, Новосибирская область",76.7587,55.6839
"Гофицкое, Ставропольский край",43.0511,45.077
"Елховка, Самарская область",50.2836,53.8696
"Балаганск, Иркутская область",103.0579,54.014
"Родниковская, Краснодарский край",40.6625,44.7619
"Новая Ляля, Свердловская область",60.5975,59.0491
"Карагайлинский, Кемеровская область",86.608,54.1489
"Горный, Новосибирская область",83.887,55.1119
"Бавлены, Владимирская область",39.5635,56.3959
"Ивановское, Ставропольский край",41.8793,44.5834
"Брусянский, Тульская область",38.0915,53.9966
"Бурлацкое, Ставропольский край",43.6469,45.0564
"Садовый, Свердловская область",60.675,56.9553
"Цибанобалка, Краснодарский край",37.3348,44.9792
"Верхняя Тишанка, Воронежская область",40.5357,51.3243
"Верхняя Синячиха, Свердловская область",61.6803,57.9859
"Лог, Волгоградская область",43.8549,49.4774
"Антиповка, Волгоградская область",45.3132,49.8274
"Верх-Ирмень, Новосибирская область",82.2444,54.5753
"Уват, Тюменская область",68.8928,59.1414
"Ташла, Оренбургская область",52.7376,51.7696
"Юрла, Пермский край",54.3374,59.3314
"Кукуштан, Пермский край",56.4728,57.6442
"Гамово, Пермский край",56.0908,57.8767
"Алексеевская, Краснодарский край",40.1511,45.775
"Аскино, Башкортостан",56.5855,56.0914
"Новошешминск, Татарстан",51.2274,55.0642
"Чернуха, Нижегородская область",43.7632,55.6028
"Мама, Иркутская область",112.8975,58.3105
"Большая Ирба, Красноярский край",92.9294,54.0764
"Свободный, Свердловская область",60.3987,58.0409
"Новочернореченский, Красноярский край",91.0963,56.2685
"Верхний Тагил, Свердловская область",59.9411,57.3697
"Пижма, Нижегородская область",47.1083,57.8662
"Фоки, Пермский край",54.3526,56.6945
"Каз, Кемеровская область",87.5463,53.1091
"Кушнаренково, Башкортостан",55.3377,55.1066
"Красные Ткачи, Ярославская область",39.7522,57.4922
"Арпачин, Ростовская область",40.1801,47.2301
"Саваслейка, Нижегородская область",42.3107,55.4567
"Завьялово, Алтайский край",80.9159,52.8382
"Энергетик, Оренбургская область",58.8181,51.7472
"Плешаново, Оренбургская область",53.4831,52.8416
"Зыково, Красноярский край",93.1606,55.9531
"Привольное, Ставропольский край",41.3116,45.9223
"Дядьковская, Краснодарский край",39.192,45.5547
"Филимоново, Красноярский край",95.4511,56.2086
"Козловка, Воронежская область",41.3053,51.6598
"Галюгаевская, Ставропольский край",44.9378,43.698
"Исеть, Свердловская область",60.3645,56.9756
"Подстепки, Самарская область",49.1579,53.5151
"Шентала, Самарская область",51.4711,54.4315
"Большой Лог, Ростовская область",39.9143,47.3008
"Аксаково, Башкортостан",54.1526,54.0218
"Ремонтное, Ростовская область",43.6468,46.5726
"Темижбекская, Краснодарский край",40.8465,45.4443
"Верхние Серги, Свердловская область",59.5598,56.6555
"Дивноморское, Краснодарский край",38.13,44.5047
"Верх-Нейвинский, Свердловская область",60.1289,57.2725
"Идринское, Красноярский край",92.1024,54.3667
"Затеречный, Ставропольский край",45.2087,44.7936
"Березовка, Алтайский край",83.412,53.3813
"Великовечное, Краснодарский край",39.7571,44.9294
"Шалинское, Красноярский край",93.7684,55.7279
"Русский Акташ, Татарстан",52.1157,55.0389
"Скородное, Белгородская область",37.2334,51.0696
"Теплое, Тульская область",37.5892,53.6183
"Еланцы, Иркутская область",106.4111,52.8078
"Ясногорский, Кемеровская область",85.8912,55.3478
"Малышева, Свердловская область",61.3976,57.1101
"Ачикулак, Ставропольский край",44.8328,44.548
"Крутиха, Алтайский край",81.1988,53.9686
"Новогорный, Челябинская область",60.7872,55.6329
"Оконешниково, Омская область",75.0873,54.8335
"Романовская, Ростовская область",42.032,47.5377
"Обшаровка, Самарская область",48.8618,53.1184
"Роговская, Краснодарский край",38.7367,45.7304
"Шедок, Краснодарский край",40.8422,44.2168
"Алексеевская, Волгоградская область",42.1893,50.2969
"Новый Егорлык, Ростовская область",41.8718,46.3997
"Зилаир, Башкортостан",57.4475,52.2388
"Стерлибашево, Башкортостан",55.2588,53.4405
"Дебёсы, Удмуртия",53.8104,57.6525
"Большой Улуй, Красноярский край",90.5768,56.6557
"Лысогорская, Ставропольский край",43.2768,44.1035
"Кудряшовский, Новосибирская область",82.7771,55.0907
"Ясенская, Краснодарский край",38.2725,46.3612
"Барсуковская, Ставропольский край",41.8145,44.7605
"Коржевский, Краснодарский край",37.7279,45.1969
"Новый, Удмуртия",54.0333,56.8139
"Красновишерск, Пермский край",57.072,60.405
"Абрамовка, Воронежская область",41.0156,51.1883
"Хохряки, Удмуртия",53.3224,56.9155
"Ольгинская, Ростовская область",39.9524,47.1864
"Нины, Ставропольский край",43.9408,44.4868
"Березово, Ханты-Мансийский АО",65.0479,63.9365
"Казанская, Краснодарский край",40.4267,45.4111
"Нефтегорск, Краснодарский край",39.7099,44.3666
"Ленина, Краснодарский край",39.2014,45.0197
"Александров Гай, Саратовская область",48.5495,50.1438
"Мулино, Нижегородская область",42.956,56.3096
"Развильное, Ростовская область",41.2964,46.2386
"Усть-Калманка, Алтайский край",83.3182,52.135
"Агой, Краснодарский край",39.0287,44.1405
"Пешково, Ростовская область",39.3877,47.0135
"Гремячье, Воронежская область",39.0138,51.4705
"Чернышковский, Волгоградская область",42.2248,48.4151
"Билимбай, Свердловская область",59.823,56.965
"Кропачево, Челябинская область",57.9833,55.0123
"Базарные Матаки, Татарстан",49.9304,54.9031
"Степное Озеро, Алтайский край",79.8494,52.7811
"Архангельская, Краснодарский край",40.2681,45.6805
"Солонешное, Алтайский край",84.3245,51.6599
"Киевское, Краснодарский край",37.8846,45.0243
"Нижний Мамон, Воронежская область",40.5064,50.2036
"Лесная Поляна, Ярославская область",39.8942,57.6867
"Исаклы, Самарская область",51.5445,54.1308
"Ревякино, Тульская область",37.6502,54.3657
"Разумное, Белгородская область",36.6913,50.5374
"Федоровка, Башкортостан",55.1874,53.1743
"Старая Полтавка, Волгоградская область",46.4814,50.482
"Волчиха, Алтайский край",80.3316,52.0177
"Петропавловка, Воронежская область",40.8784,50.0832
"Усть-Кишерть, Пермский край",57.2444,57.3647
"Нижний Кисляй, Воронежская область",40.1725,50.8533
"Покойное, Ставропольский край",44.2576,44.8109
"Богучаны, Красноярский край",97.4548,58.3777
"Ис, Свердловская область",59.7181,58.7984
"Хворостянка, Самарская область",48.966,52.6052
"Раевская, Краснодарский край",37.546,44.831
"Товарковский, Тульская область",38.208,53.6804
"Этока, Ставропольский край",43.0171,43.9185
"Донское, Калининградская область",19.965,54.9354
"Русское, Ставропольский край",44.569,43.8298
"Янтарный, Калининградская область",19.9426,54.8704
"Курманаевка, Оренбургская область",52.0688,52.5167
"Винсады, Ставропольский край",42.9641,44.0823
"Чунояр, Красноярский край",97.358,57.4492
"Усть-Тарка, Новосибирская область",75.7029,55.5747
"Александровская, Краснодарский край",39.0665,46.2151
"Большие Уки, Омская область",72.6327,56.9509
"Красногорское, Удмуртия",52.4918,57.7047
"Зюкайка, Пермский край",54.7073,58.2085
"Персиановский, Ростовская область",40.1107,47.5156
"Заветное, Ставропольский край",41.6009,44.7522
"Александрия, Ставропольский край",43.2415,45.0918
"Верх-Тула, Новосибирская область",82.7713,54.8814
"Сургут, Самарская область",51.1919,53.9198
"Большеустьикинское, Башкортостан",58.2669,55.9387
"Илек, Оренбургская область",53.3899,51.5258
"Красюковская, Ростовская область",40.0848,47.5264
"Величаевское, Ставропольский край",45.1396,44.9447
"Северное, Ставропольский край",42.8535,44.8278
"Николо-Березовка, Башкортостан",54.1678,56.1262
"Придонский, Воронежская область",39.0833,51.6833
"Лобва, Свердловская область",60.4906,59.1803
"Шемордан, Татарстан",50.399,56.1897
"Джигинка, Краснодарский край",37.3425,45.1329
"Привольная, Краснодарский край",38.6889,46.1398
"Ждановский, Нижегородская область",44.0995,56.2101
"Афонино, Нижегородская область",44.0906,56.2632
"Мингрельская, Краснодарский край",38.3386,45.0201
"Исток, Свердловская область",60.8874,56.7815
"Тумботино, Нижегородская область",43.0186,55.9992
"Усолье, Самарская область",49.0596,53.3929
"Гайдук, Краснодарский край",37.6839,44.7817
"Огаревка, Тульская область",37.5609,53.9195
"Калманка, Алтайский край",83.5334,52.8926
"Калтасы, Башкортостан",54.8088,55.9703
"Новолабинская, Краснодарский край",39.8984,45.1106
"Глубокий, Краснодарский край",41.0219,44.9453
"Памяти 13 Борцов, Красноярский край",92.3245,56.2097
"Матвеевка, Оренбургская область",53.4785,53.5046
"Краснохолм, Оренбургская область",54.1585,51.597
"Трудармейский, Кемеровская область",86.4107,54.1322
"Золотково, Владимирская область",41.1014,55.5306
"Подтесово, Красноярский край",92.1067,58.5943
"Кочево, Пермский край",54.331,59.6186
"Елань-Колено, Воронежская область",41.1593,51.165
"Любим, Ярославская область",40.6846,58.3606
"Новорождественская, Краснодарский край",39.9504,45.8706
"Бехтеевка, Белгородская область",37.2165,50.8066
"Междуреченск, Самарская область",49.132,53.2684
"Зайково, Свердловская область",62.7496,57.5464
"Рождествено, Самарская область",50.0497,53.2307
"Кедровка, Кемеровская область",87.5093,53.833
"Вахтан, Нижегородская область",46.6879,57.961
"Воробьевка, Воронежская область",40.9548,50.6466
"Улу-Теляк, Башкортостан",56.9765,54.9144
"Серноводск, Самарская область",51.2578,53.9257
"Пелым, Свердловская область",61.9767,61.0503
"Колтубановский, Оренбургская область",52.0319,52.9415
"Большая Атня, Татарстан",49.4491,56.2493
"Перелешинский, Воронежская область",40.1349,51.7386
"Магистральный, Иркутская область",107.4333,56.1667
"Отрадо-Кубанское, Краснодарский край",40.8364,45.2437
"Удобная, Краснодарский край",41.5683,44.2148
"Мечетинская, Ростовская область",40.4504,46.7655
"Бурла, Алтайский край",78.3407,53.3348
"Горняцкий, Ростовская область",40.9506,48.2898
"Успенка, Тюменская область",65.066,57.0748
"Новоегорьевское, Алтайский край",80.8945,51.7589
"Калинин, Ростовская область",39.5164,47.2456
"Татарская Каргала, Оренбургская область",55.1826,51.9478
"Семилетка, Башкортостан",54.614,55.3588
"Старосубхангулово, Башкортостан",57.4315,53.107
"Бекешевская, Ставропольский край",42.432,44.1136
"Локомотивный, Челябинская область",60.5833,53.0167
"Челбасская, Краснодарский край",39.3668,45.9774
"Незлобная, Ставропольский край",43.4017,44.1202
"Тинской, Красноярский край",96.9219,56.1468
"Гайны, Пермский край",54.3034,60.3278
"Станционно-Ояшинский, Новосибирская область",83.8213,55.4661
"Уршельский, Владимирская область",40.2178,55.6769
"Ветлужский, Нижегородская область",45.118,57.1691
"Губская, Краснодарский край",40.6203,44.3205
"Новощербиновская, Краснодарский край",38.6397,46.4741
"Старобачаты, Кемеровская область",86.2094,54.2408
"Подгородняя Покровка, Оренбургская область",54.987,51.8352
"Сандата, Ростовская область",41.7569,46.2776
"Горное Лоо, Краснодарский край",39.6075,43.7167
"Дмитриевское, Ставропольский край",41.878,45.8198
"Глебовка, Краснодарский край",39.9923,46.6398
"Гирей, Краснодарский край",40.6625,45.4028
"Коноково, Краснодарский край",41.3253,44.8628
"Комсомолец, Ставропольский край",43.5649,44.0176
"Кедровый, Красноярский край",91.5443,56.2798
"Грахово, Удмуртия",51.9645,56.0415
"Посевная, Новосибирская область",83.3255,54.299
"Приупский, Тульская область",37.7359,53.9085
"Курья, Алтайский край",82.2976,51.605
"Партизанское, Красноярский край",94.4033,55.5039
"Алексеевка, Башкортостан",55.9933,54.8316
"Мелехово, Владимирская область",41.3094,56.2567
"Лямино, Пермский край",57.1856,58.2742
"Новая Таволжанка, Белгородская область",36.8272,50.3531
"Стрелица, Воронежская область",38.9053,51.6064
"Советская, Краснодарский край",41.1764,44.7749
"Тайтурка, Иркутская область",103.4569,52.8648
"Армизонское, Тюменская область",67.6859,55.944
"Терновская, Краснодарский край",40.4157,45.8491
"Никольское, Воронежская область",39.7561,51.6838
"Жигалово, Иркутская область",105.1572,54.8138
"Северное, Оренбургская область",52.5374,54.0928
"Кыштовка, Новосибирская область",76.6461,56.5465
"Кузедеево, Кемеровская область",87.1628,53.33
"Нижний Чир, Волгоградская область",43.0842,48.3756
"Черемное, Алтайский край",83.2142,53.1697
"Павловский, Пермский край",54.8398,57.839
"Лузино, Омская область",73.0393,54.9452
"Железнодорожный, Иркутская область",102.7974,57.9017
"Столбище, Татарстан",49.22,55.6471
"Приморка, Ростовская область",39.0522,47.2793
"Нижняя Омка, Омская область",74.9386,55.4331
"Архангельское, Ставропольский край",44.088,44.6067
"Линево, Волгоградская область",44.826,50.8861
"Подгорная, Ставропольский край",43.4274,44.2006
"Мстера, Владимирская область",41.9212,56.3743
"Спиридоновка, Самарская область",50.6467,53.0931
"Колосовка, Омская область",73.6044,56.4699
"Новобелокатай, Башкортостан",58.9602,55.7053
"Большие Чапурники, Волгоградская область",44.5836,48.4177
"Городище, Белгородская область",38.0682,51.1325
"Туношна, Ярославская область",40.1703,57.5623
"Пригородный, Оренбургская область",55.2772,51.7667
"Шамары, Свердловская область",58.2236,57.3458
"Пировское, Красноярский край",92.2815,57.6127
"Волга, Ярославская область",38.3885,57.9499
"Мухтолово, Нижегородская область",43.1817,55.4634
"Адагум, Краснодарский край",37.7216,45.0957
"Соколово, Алтайский край",84.7814,52.5315
"Баговская, Краснодарский край",40.6122,44.1737
"Большие Салы, Ростовская область",39.6821,47.3914
"Ахтанизовская, Краснодарский край",37.1046,45.3208
"Верхнебаканский, Краснодарский край",37.6683,44.8425
"Эдиссия, Ставропольский край",44.5498,44.0427
"Бершеть, Пермский край",56.3725,57.7297
"Углянец, Воронежская область",39.5913,51.8209
"Головино, Владимирская область",40.4418,55.9496
"Бутка, Свердловская область",63.7958,56.7244
"Орловка, Ставропольский край",44.1786,44.6972
"Успенская, Краснодарский край",41.064,45.7684
"Новоселово, Красноярский край",90.9814,55.0123
"Надежда, Ставропольский край",42.1195,45.0507
"Барышево, Новосибирская область",83.1788,54.9564
"Итатский, Кемеровская область",89.0001,56.0711
"Вознесенская, Краснодарский край",41.035,44.5483
"Стародубское, Ставропольский край",44.0196,44.5685
"Улькан, Иркутская область",107.8,55.9
"Артышта, Кемеровская область",86.2753,54.12
"Новохоперский, Воронежская область",41.6226,51.1013
"Бобровка, Челябинская область",61.7492,54.0473
"Чермоз, Пермский край",56.1498,58.7857
"Щелкун, Свердловская область",60.9498,56.3018
"Куяново, Башкортостан",54.5352,55.8055
"Тонкино, Нижегородская область",46.455,57.37
"Михайловка, Башкортостан",55.8919,54.8119
"Быстрый Исток, Алтайский край",84.3823,52.3699
"Новобессергеневка, Ростовская область",38.8452,47.1847
"Бурмакино, Ярославская область",40.3149,57.4342
"Айша, Татарстан",48.6303,55.8728
"Баган, Новосибирская область",77.6794,54.0984
"Маслянино, Новосибирская область",84.2098,54.3453
"Прасковея, Ставропольский край",44.201,44.735
"Оса, Иркутская область",103.881,53.3854
"Лукино, Нижегородская область",43.6313,56.4388
"Павловка, Башкортостан",56.561,55.4216
"Нижний Ингаш, Красноярский край",96.5251,56.1937
"Карабаш, Татарстан",52.5814,54.693
"Кама, Удмуртия",53.0533,57.8148
"Передовая, Краснодарский край",41.4724,44.1191
"Новонукутский, Иркутская область",102.6984,53.7015
"Плеханово, Тульская область",37.5678,54.244
"Григорьевская, Краснодарский край",38.8334,44.771
"Тюбук, Челябинская область",60.9371,56.0586
"Землянск, Воронежская область",38.7237,51.9014
"Красногорский, Кемеровская область",86.2876,54.5449
"Балахоновское, Ставропольский край",41.7783,44.7794
"Тайжина, Кемеровская область",87.4389,53.673
"Шварцевский, Тульская область",37.9915,54.0914
"Красноярский, Оренбургская область",59.9027,51.966
"Березовый, Краснодарский край",38.9952,45.1499
"Покровское, Свердловская область",61.6906,57.3579
"Новоалексеевская, Краснодарский край",40.9171,44.8239
"Толмачево, Новосибирская область",82.7374,54.9789
"Солуно-Дмитриевское, Ставропольский край",42.7304,44.4086
"Новосинеглазовский, Челябинская область",61.3835,55.0401
"Староалейское, Алтайский край",81.9963,51.0175
"Темясово, Башкортостан",58.1243,52.9851
"Киренск, Иркутская область",108.1241,57.7746
"Каясула, Ставропольский край",44.9943,44.3239
"Дмитриевская, Краснодарский край",40.7667,45.6593
"Сотниковское, Ставропольский край",43.7825,45.0031
"Екатериновка, Краснодарский край",38.758,46.6953
"Константиновская, Ставропольский край",43.1594,44.0469
"Центральный, Нижегородская область",42.7955,56.2954
"Ярково, Новосибирская область",82.601,54.8096
"Сентябрьский, Ханты-Мансийский АО",72.1964,60.4931
"Горячеводский, Ставропольский край",43.1007,44.0289
"Константиновская, Краснодарский край",40.7248,44.8348
"Двубратский, Краснодарский край",39.7949,45.2688
"Пятницкое, Белгородская область",37.8305,50.4214
"Лесогорск, Иркутская область",99.5239,56.0458
"Заплавное, Волгоградская область",45.0191,48.7045
"Знаменское, Омская область",73.8981,57.1219
"Варнавино, Нижегородская область",45.0871,57.3987
"Тогул, Алтайский край",85.9098,53.4621
"Петрокаменское, Свердловская область",60.6397,57.7122
"Нижняя Мактама, Татарстан",52.4224,54.8603
"Георгиевка, Самарская область",50.9911,53.2693
"Синявское, Ростовская область",39.2856,47.2767
"Выездное, Нижегородская область",43.7855,55.3784
"Красноармейский, Ростовская область",42.2104,47.0064
"Незамаевская, Краснодарский край",40.2745,46.1643
"Стрелка, Краснодарский край",37.2885,45.2077
"Угловское, Алтайский край",80.2022,51.3536
"Новоселезнево, Тюменская область",69.1992,55.6674
"Темиртау, Кемеровская область",87.4524,53.1397
"Пожва, Пермский край",56.0783,59.0865
"Горный Щит, Свердловская область",60.5139,56.6854
"Горбатов, Нижегородская область",43.073,56.1277
"Рассвет, Красноярский край",91.4778,57.0039
"Дубки, Ярославская область",39.7429,57.5296
"Махнево, Свердловская область",61.7317,58.455
"Верх-Катунское, Алтайский край",85.4232,52.4507
"Быстрогорский, Ростовская область",41.1463,48.2048
"Бешпагир, Ставропольский край",42.373,45.0232
"Подкумок, Ставропольский край",42.7704,43.9664
"Высоцкое, Ставропольский край",42.9022,45.021
"Червишево, Тюменская область",65.4266,56.9419
"Темижбекский, Ставропольский край",41.0346,45.4444
"Мишелевка, Иркутская область",104.5,52.85
"Чекалин, Тульская область",36.2468,54.0924
"Копанская, Краснодарский край",38.4771,46.2774
"Новобейсугская, Краснодарский край",39.8789,45.4744
"Староджерелиевская, Краснодарский край",38.3023,45.4833
"Магнитка, Челябинская область",59.6818,55.3377
"Сатис, Нижегородская область",43.2293,54.9255
"Ныроб, Пермский край",56.724,60.7413
"Всеволодо-Вильва, Пермский край",57.4405,59.2184
"Панкрушиха, Алтайский край",80.3475,53.8218
"Соколовское, Краснодарский край",40.671,45.259
"Новозаведенное, Ставропольский край",43.637,44.2643
"Тищенское, Ставропольский край",41.664,45.4545
"Тюменцево, Алтайский край",81.4954,53.3202
"Тюхтет, Красноярский край",89.3167,56.5322
"Старопавловская, Ставропольский край",43.6387,43.8427
"Перелешино, Воронежская область",40.1349,51.7386
"Береза, Самарская область",50.1568,53.5088
"Южный, Алтайский край",83.6931,53.2537
"Барсуки, Тульская область",37.502,54.2457
"Комсомольский, Пермский край",56.2486,58.0009
"Сокур, Новосибирская область",83.3206,55.2147
"Приволжский, Саратовская область",46.0578,51.4165
"Воронцовка, Воронежская область",40.3234,50.597
"Новомалороссийская, Краснодарский край",39.8952,45.6353
"Преградное, Ставропольский край",41.7474,45.8209
"Локосово, Ханты-Мансийский АО",74.8553,61.1314
"Нежинский, Ставропольский край",42.6756,43.9326
"Александровка, Ростовская область",38.9933,46.7852
"Приморск, Калининградская область",20.0035,54.734
"Ташара, Новосибирская область",83.4994,55.5161
"Виля, Нижегородская область",42.2052,55.2571
"Межевой, Челябинская область",58.7926,55.1663
"Сомово, Воронежская область",38.8,51.9403
"Воля, Воронежская область",39.5145,51.7561
"Орел-Изумруд, Краснодарский край",39.9266,43.4624
"Тыреть 1-я, Иркутская область",102.3,53.6667
"Марьинская, Ставропольский край",43.4842,43.8827
"Юрты, Иркутская область",97.6316,56.0488
"Дракино, Воронежская область",39.3988,51.1374
"Барсово, Ханты-Мансийский АО",73.1881,61.2531
"Сухобезводное, Нижегородская область",44.8981,57.0474
"Северо-Енисейский, Красноярский край",93.0464,60.3735
"Гусевский, Владимирская область",40.5594,55.6617
"Андрюки, Краснодарский край",40.8341,44.1219
"Курьи, Свердловская область",62.1197,56.9191
"Гари, Свердловская область",62.3556,59.4283
"Довольное, Новосибирская область",79.6833,54.4933
"Орлово, Воронежская область",39.5866,51.7538
"Новобирилюссы, Красноярский край",90.685,56.9586
"Белогорск, Кемеровская область",88.4666,55.0121
"Кваркено, Оренбургская область",59.7309,52.0812
"Высокий, Ханты-Мансийский АО",75.975,61.16
"Овсянка, Красноярский край",92.5796,55.9563
"Чаны, Новосибирская область",76.7761,55.3135
"Казачинское, Красноярский край",93.2754,57.6952
"Убинское, Новосибирская область",79.6828,55.3025
"Октябрьский, Иркутская область",99.4333,56.8333
"Михайловская, Краснодарский край",40.5987,44.9916
"Николаевка, Ростовская область",38.8341,47.3039
"Байкит, Красноярский край",96.3806,61.6834
"Николаевская, Ростовская область",41.4996,47.6103
"Подгорное, Воронежская область",41.195,50.4597
"Майский, Пермский край",55.3417,58.0608
"Суроватиха, Нижегородская область",43.9269,55.7491
"Дзержинское, Красноярский край",95.2216,56.829
"Чарышское, Алтайский край",83.5598,51.3896
"Красный Коммунар, Оренбургская область",55.3697,51.9594
"Первомайский, Ставропольский край",43.1227,44.2374
"Луговской, Свердловская область",64.5209,56.9576
"Юровка, Краснодарский край",37.4154,45.1159
"Белозерный, Краснодарский край",38.7243,45.0672
"Гидроторф, Нижегородская область",43.5413,56.473
"Чистогорский, Кемеровская область",87.3746,53.9623
"Красная Горка, Башкортостан",56.6784,55.1956
"Летник, Ростовская область",41.27,46.0353
"Иргаклы, Ставропольский край",44.7417,44.358
"Майкопское, Краснодарский край",40.7633,45.3931
"Левиха, Свердловская область",59.8958,57.5856
"Муромцево, Владимирская область",40.9078,55.9319
"Мартюш, Свердловская область",61.88,56.3997
"Матмасы, Тюменская область",67.1011,57.3045
"Иловка, Белгородская область",38.6322,50.7063
"Троицкий, Белгородская область",37.5019,51.3621
"Красный Яр, Омская область",72.9178,55.2402
"Новоильинский, Пермский край",55.4753,57.9059
"Сарс, Пермский край",57.1255,56.56
"Канглы, Ставропольский край",43.0247,44.2552
"Калья, Свердловская область",59.9853,60.2404
"Дмитриевка, Башкортостан",55.7964,54.8125
"Алексеевск, Иркутская область",108.3489,57.8393
"Рудногорск, Иркутская область",103.7421,57.2749
"Энергетик, Башкортостан",54.5875,56.2481
"Лосево, Воронежская область",40.0486,50.6773
"Высокое, Краснодарский край",39.9734,43.4818
"Игарка, Красноярский край",86.578,67.4649
"Октябрьское, Ставропольский край",42.8235,45.619
"Северка, Свердловская область",60.2883,56.8675
"Ковалевское, Краснодарский край",41.0016,45.1665
"Углеуральский, Пермский край",57.5851,58.9474
"Горноправдинск, Ханты-Мансийский АО",69.9156,60.068
"Туруханск, Красноярский край",87.9624,65.7959
"Инзер, Башкортостан",57.5588,54.2175
"Новоукраинский, Краснодарский край",38.045,44.894
"Нижняя Пойма, Красноярский край",97.2021,56.156
"Нагутское, Ставропольский край",42.884,44.4413
"Сява, Нижегородская область",46.3204,58.0208
"Черноерковская, Краснодарский край",37.7644,45.4332
"Унъюган, Ханты-Мансийский АО",64.9298,61.9477
"Дружба, Нижегородская область",42.1785,55.416
"Гремячево, Нижегородская область",43.0427,55.3904
"Мотыгино, Красноярский край",94.6767,58.1842
"Нижнетроицкий, Башкортостан",53.6888,54.3395
"Чернолесское, Ставропольский край",43.7095,44.7175
"Кочки, Новосибирская область",80.4987,54.3397
"Анджиевский, Ставропольский край",43.0884,44.2366
"Пирогово, Удмуртия",53.1597,56.7797
"Прикубанский, Краснодарский край",38.0889,45.1648
"Упорная, Краснодарский край",41.0206,44.3919
"Круглолесское, Ставропольский край",42.8098,44.6586
"Бетьки, Татарстан",52.1364,55.6697
"Заветный, Краснодарский край",41.1306,44.933
"Хатанга, Красноярский край",102.4406,71.964
"Синегорский, Ростовская область",40.8394,48.0159
"Совхозный, Краснодарский край",38.1147,45.2966
"Уфимский, Свердловская область",58.0537,56.7116
"Ишня, Ярославская область",39.3505,57.1938
"Красногвардейский, Свердловская область",62.3139,57.3793
"Заводоуспенское, Свердловская область",65.0315,56.8569
"Память Парижской Коммуны, Нижегородская область",44.4956,56.1086
"Савинка, Волгоградская область",47.0951,50.0745
"Отрадо-Ольгинское, Краснодарский край",40.9411,45.3134
"Мортка, Ханты-Мансийский АО",66.0115,59.3327
"Кошурниково, Красноярский край",93.3,54.1667
"Керчевский, Пермский край",56.3167,59.85
"Марковский, Пермский край",54.0864,56.6282
"Засосна, Белгородская область",38.3852,50.629
"Лебяжье, Алтайский край",83.6609,53.2412
"Октябрьский, Красноярский край",97.5441,57.4453
"Сухая Буйвола, Ставропольский край",42.9892,45.1545
"Теплая Гора, Пермский край",59.0754,58.5337
"Восточный, Свердловская область",61.8142,58.7988
"Черемухово, Свердловская область",59.9883,60.3435
"Пашия, Пермский край",58.2643,58.4347
"Левокумка, Ставропольский край",43.1459,44.2322
"Совхозный, Свердловская область",60.5569,56.7597
"Онохино, Тюменская область",65.5393,56.9219
"Ломинцевский, Тульская область",37.6676,53.9845
